"np . cumsum imum ( [ 2 , 3 , 4 ] , [ 1 , 5 , 2 ] )","np . nu imum ( [ 2 , 3 , 4 ] , [ 1 , 5 , 2 ] )","np . nup imum ( [ 2 , 3 , 4 ] , [ 1 , 5 , 2 ] )","np . cumsum_ imum ( [ 2 , 3 , 4 ] , [ 1 , 5 , 2 ] )","np . nus imum ( [ 2 , 3 , 4 ] , [ 1 , 5 , 2 ] )","np . x imum ( [ 2 , 3 , 4 ] , [ 1 , 5 , 2 ] )","np . ix imum ( [ 2 , 3 , 4 ] , [ 1 , 5 , 2 ] )","np . y imum ( [ 2 , 3 , 4 ] , [ 1 , 5 , 2 ] )","np . cumsums imum ( [ 2 , 3 , 4 ] , [ 1 , 5 , 2 ] )","np . cumsum imum ( [ 2 , 3 , 4 ] , [ 1 , 5 , 2 ] )","np . cump imum ( [ 2 , 3 , 4 ] , [ 1 , 5 , 2 ] )","np . argv imum ( [ 2 , 3 , 4 ] , [ 1 , 5 , 2 ] )","np . nug imum ( [ 2 , 3 , 4 ] , [ 1 , 5 , 2 ] )","np . cum imum ( [ 2 , 3 , 4 ] , [ 1 , 5 , 2 ] )","np . einsum imum ( [ 2 , 3 , 4 ] , [ 1 , 5 , 2 ] )","np . einsump imum ( [ 2 , 3 , 4 ] , [ 1 , 5 , 2 ] )","np . sum_ cum imum ( [ 2 , 3 , 4 ] , [ 1 , 5 , 2 ] )","np . einsums imum ( [ 2 , 3 , 4 ] , [ 1 , 5 , 2 ] )","np . num imum ( [ 2 , 3 , 4 ] , [ 1 , 5 , 2 ] )","np . cumsumd imum ( [ 2 , 3 , 4 ] , [ 1 , 5 , 2 ] )"
"<extra_id_0></s> <pad> <pad> <pad> ( k for k , v in x . items ( ) if v != 0 )","list <extra_id_0></s> <pad> <pad> ( k for k , v in x . items ( ) if v != 0 )","<extra_id_0></s> <pad> <pad> <pad> ( k for k , v in x . items ( ) if v != 0 )","= <extra_id_0></s> <pad> ( k for k , v in x . items ( ) if v != 0 )","( <extra_id_0></s> <pad> <pad> ( k for k , v in x . items ( ) if v != 0 )","= list <extra_id_0></s> ( k for k , v in x . items ( ) if v != 0 )","append <extra_id_0></s> <pad> <pad> ( k for k , v in x . items ( ) if v != 0 )","= sum <extra_id_0></s> ( k for k , v in x . items ( ) if v != 0 )","item <extra_id_0></s> <pad> <pad> ( k for k , v in x . items ( ) if v != 0 )","<extra_id_0></s> <pad> <pad> <pad> ( k for k , v in x . items ( ) if v != 0 )","= dict <extra_id_0></s> ( k for k , v in x . items ( ) if v != 0 )","next <extra_id_0></s> <pad> <pad> ( k for k , v in x . items ( ) if v != 0 )","= set <extra_id_0></s> ( k for k , v in x . items ( ) if v != 0 )","= list <extra_id_0></s> ( k for k , v in x . items ( ) if v != 0 )","= next <extra_id_0></s> ( k for k , v in x . items ( ) if v != 0 )","ed <extra_id_0></s> <pad> <pad> ( k for k , v in x . items ( ) if v != 0 )","= <extra_id_0></s> <pad> ( k for k , v in x . items ( ) if v != 0 )","_ <extra_id_0></s> <pad> <pad> ( k for k , v in x . items ( ) if v != 0 )","dict <extra_id_0></s> <pad> <pad> ( k for k , v in x . items ( ) if v != 0 )","sum <extra_id_0></s> <pad> <pad> ( k for k , v in x . items ( ) if v != 0 )"
"<extra_id_0></s> <pad> <pad> <pad> ( k for k , v in x . items ( ) if v != 0 )","list <extra_id_0></s> <pad> <pad> ( k for k , v in x . items ( ) if v != 0 )","<extra_id_0></s> <pad> <pad> <pad> ( k for k , v in x . items ( ) if v != 0 )","= <extra_id_0></s> <pad> ( k for k , v in x . items ( ) if v != 0 )","( <extra_id_0></s> <pad> <pad> ( k for k , v in x . items ( ) if v != 0 )","= list <extra_id_0></s> ( k for k , v in x . items ( ) if v != 0 )","append <extra_id_0></s> <pad> <pad> ( k for k , v in x . items ( ) if v != 0 )","= sum <extra_id_0></s> ( k for k , v in x . items ( ) if v != 0 )","item <extra_id_0></s> <pad> <pad> ( k for k , v in x . items ( ) if v != 0 )","<extra_id_0></s> <pad> <pad> <pad> ( k for k , v in x . items ( ) if v != 0 )","= dict <extra_id_0></s> ( k for k , v in x . items ( ) if v != 0 )","next <extra_id_0></s> <pad> <pad> ( k for k , v in x . items ( ) if v != 0 )","= set <extra_id_0></s> ( k for k , v in x . items ( ) if v != 0 )","= list <extra_id_0></s> ( k for k , v in x . items ( ) if v != 0 )","= next <extra_id_0></s> ( k for k , v in x . items ( ) if v != 0 )","ed <extra_id_0></s> <pad> <pad> ( k for k , v in x . items ( ) if v != 0 )","= <extra_id_0></s> <pad> ( k for k , v in x . items ( ) if v != 0 )","_ <extra_id_0></s> <pad> <pad> ( k for k , v in x . items ( ) if v != 0 )","dict <extra_id_0></s> <pad> <pad> ( k for k , v in x . items ( ) if v != 0 )","sum <extra_id_0></s> <pad> <pad> ( k for k , v in x . items ( ) if v != 0 )"
"len ( list  ( words , key = len ) )","len ( map  ( words , key = len ) )","len ( set  ( words , key = len ) )","len ( len  ( words , key = len ) )","len ( dict  ( words , key = len ) )","len ( zip  ( words , key = len ) )","len ( str  ( words , key = len ) )","len ( sum  ( words , key = len ) )","len ( sorted  ( words , key = len ) )","len ( next  ( words , key = len ) )","len ( int  ( words , key = len ) )","len ( iter  ( words , key = len ) )","len ( range  ( words , key = len ) )","len ( max  ( words , key = len ) )","len ( f  ( words , key = len ) )","len ( type  ( words , key = len ) )","len ( * len  ( words , key = len ) )","len ( count  ( words , key = len ) )","len ( min  ( words , key = len ) )","len ( input  ( words , key = len ) )"
"<extra_id_0></s> <pad> <pad> <pad> ( lis , key = lambda item : item [ 1 ] ) [ 0 ]","<extra_id_0></s> <pad> <pad> <pad> ( lis , key = lambda item : item [ 1 ] ) [ 0 ]","ed <extra_id_0></s> <pad> <pad> ( lis , key = lambda item : item [ 1 ] ) [ 0 ]","_ <extra_id_0></s> <pad> <pad> ( lis , key = lambda item : item [ 1 ] ) [ 0 ]","_dict <extra_id_0></s> <pad> ( lis , key = lambda item : item [ 1 ] ) [ 0 ]","_key <extra_id_0></s> <pad> ( lis , key = lambda item : item [ 1 ] ) [ 0 ]","_keys <extra_id_0></s> <pad> ( lis , key = lambda item : item [ 1 ] ) [ 0 ]","_value <extra_id_0></s> <pad> ( lis , key = lambda item : item [ 1 ] ) [ 0 ]","_index <extra_id_0></s> <pad> ( lis , key = lambda item : item [ 1 ] ) [ 0 ]","ed <extra_id_0></s> <pad> <pad> ( lis , key = lambda item : item [ 1 ] ) [ 0 ]","_ sorted <extra_id_0></s> ( lis , key = lambda item : item [ 1 ] ) [ 0 ]","_set <extra_id_0></s> <pad> ( lis , key = lambda item : item [ 1 ] ) [ 0 ]","_list <extra_id_0></s> <pad> ( lis , key = lambda item : item [ 1 ] ) [ 0 ]","_name <extra_id_0></s> <pad> ( lis , key = lambda item : item [ 1 ] ) [ 0 ]","item <extra_id_0></s> <pad> <pad> ( lis , key = lambda item : item [ 1 ] ) [ 0 ]","s <extra_id_0></s> <pad> <pad> ( lis , key = lambda item : item [ 1 ] ) [ 0 ]","apply <extra_id_0></s> <pad> <pad> ( lis , key = lambda item : item [ 1 ] ) [ 0 ]","= list <extra_id_0></s> ( lis , key = lambda item : item [ 1 ] ) [ 0 ]","= map <extra_id_0></s> ( lis , key = lambda item : item [ 1 ] ) [ 0 ]","_sorted <extra_id_0></s> ( lis , key = lambda item : item [ 1 ] ) [ 0 ]"
"<extra_id_0></s> <pad> <pad> <pad> ( lis , key = itemgetter ( 1 ) ) [ 0 ]","<extra_id_0></s> <pad> <pad> <pad> ( lis , key = itemgetter ( 1 ) ) [ 0 ]","ed <extra_id_0></s> <pad> <pad> ( lis , key = itemgetter ( 1 ) ) [ 0 ]","ed <extra_id_0></s> <pad> <pad> ( lis , key = itemgetter ( 1 ) ) [ 0 ]","_ <extra_id_0></s> <pad> <pad> ( lis , key = itemgetter ( 1 ) ) [ 0 ]","<extra_id_0></s> <pad> <pad> <pad> ( lis , key = itemgetter ( 1 ) ) [ 0 ]","ter <extra_id_0></s> <pad> <pad> ( lis , key = itemgetter ( 1 ) ) [ 0 ]","<extra_id_0></s> <pad> <pad> <pad> ( lis , key = itemgetter ( 1 ) ) [ 0 ]","s <extra_id_0></s> <pad> <pad> ( lis , key = itemgetter ( 1 ) ) [ 0 ]","<extra_id_0></s> <pad> <pad> <pad> ( lis , key = itemgetter ( 1 ) ) [ 0 ]","_keys <extra_id_0></s> <pad> ( lis , key = itemgetter ( 1 ) ) [ 0 ]","<extra_id_0></s> <pad> <pad> <pad> ( lis , key = itemgetter ( 1 ) ) [ 0 ]","by <extra_id_0></s> <pad> <pad> ( lis , key = itemgetter ( 1 ) ) [ 0 ]","<extra_id_0></s> <pad> <pad> <pad> ( lis , key = itemgetter ( 1 ) ) [ 0 ]","_key <extra_id_0></s> <pad> ( lis , key = itemgetter ( 1 ) ) [ 0 ]","_value <extra_id_0></s> <pad> ( lis , key = itemgetter ( 1 ) ) [ 0 ]","ter <extra_id_0></s> <pad> <pad> ( lis , key = itemgetter ( 1 ) ) [ 0 ]","_index <extra_id_0></s> <pad> ( lis , key = itemgetter ( 1 ) ) [ 0 ]","_ sorted <extra_id_0></s> ( lis , key = itemgetter ( 1 ) ) [ 0 ]","2 <extra_id_0></s> <pad> <pad> ( lis , key = itemgetter ( 1 ) ) [ 0 ]"
"b = models . CharField ( max_length _length = 7 , default = '0000000' , editable = False )","b = models . CharField ( max _length = 7 , default = '0000000' , editable = False )","b = models . CharField ( length _length = 7 , default = '0000000' , editable = False )","b = models . CharField ( n _length = 7 , default = '0000000' , editable = False )","b = models . CharField ( max_of _length = 7 , default = '0000000' , editable = False )","b = models . CharField ( max_ max _length = 7 , default = '0000000' , editable = False )","b = models . CharField ( max_size _length = 7 , default = '0000000' , editable = False )","b = models . CharField ( CharField _length = 7 , default = '0000000' , editable = False )","b = models . CharField ( max , max _length = 7 , default = '0000000' , editable = False )","b = models . CharField ( max_length _length = 7 , default = '0000000' , editable = False )","b = models . CharField ( max_name _length = 7 , default = '0000000' , editable = False )","b = models . CharField ( max_ size _length = 7 , default = '0000000' , editable = False )","b = models . CharField ( max_user _length = 7 , default = '0000000' , editable = False )","b = models . CharField ( width _length = 7 , default = '0000000' , editable = False )","b = models . CharField ( height _length = 7 , default = '0000000' , editable = False )","b = models . CharField ( size _length = 7 , default = '0000000' , editable = False )","b = models . CharField ( a _length = 7 , default = '0000000' , editable = False )","b = models . CharField ( 10 , max _length = 7 , default = '0000000' , editable = False )","b = models . CharField ( length_length _length = 7 , default = '0000000' , editable = False )","b = models . CharField ( range _length = 7 , default = '0000000' , editable = False )"
<extra_id_0></s> <pad> ( [ max ( i ) for i in matrix ] ),<extra_id_0></s> <pad> ( [ max ( i ) for i in matrix ] ),<extra_id_0></s> <pad> ( [ max ( i ) for i in matrix ] ),<extra_id_0></s> <pad> ( [ max ( i ) for i in matrix ] ),<extra_id_0></s> <pad> ( [ max ( i ) for i in matrix ] ),matrix <extra_id_0></s> ( [ max ( i ) for i in matrix ] ),<extra_id_0></s> <pad> ( [ max ( i ) for i in matrix ] ),<extra_id_0></s> <pad> ( [ max ( i ) for i in matrix ] ),ed <extra_id_0></s> ( [ max ( i ) for i in matrix ] ),s <extra_id_0></s> ( [ max ( i ) for i in matrix ] ),ed <extra_id_0></s> ( [ max ( i ) for i in matrix ] ),s <extra_id_0></s> ( [ max ( i ) for i in matrix ] ),<extra_id_0></s> <pad> ( [ max ( i ) for i in matrix ] ),_ <extra_id_0></s> ( [ max ( i ) for i in matrix ] ),<extra_id_0></s> <pad> ( [ max ( i ) for i in matrix ] ),list <extra_id_0></s> ( [ max ( i ) for i in matrix ] ),s <extra_id_0></s> ( [ max ( i ) for i in matrix ] ),<extra_id_0></s> <pad> ( [ max ( i ) for i in matrix ] ),<extra_id_0></s> <pad> ( [ max ( i ) for i in matrix ] ),ed <extra_id_0></s> ( [ max ( i ) for i in matrix ] )
"os . system ( 'gnome-tert . index al -e \'bash -c ""sudo apt-get update; exec bash""\'' )","os . system ( 'gnome-tert . modules al -e \'bash -c ""sudo apt-get update; exec bash""\'' )","os . system ( 'gnome-ter"""""" ,</s> <pad> <pad> <pad> <pad>al -e \'bash -c ""sudo apt-get update; exec bash""\'' )","os . system ( 'gnome-terr . index al -e \'bash -c ""sudo apt-get update; exec bash""\'' )","os . system ( 'gnome-terr . modules al -e \'bash -c ""sudo apt-get update; exec bash""\'' )","os . system ( 'gnome-ter"""""" , </s> <pad> <pad> <pad>al -e \'bash -c ""sudo apt-get update; exec bash""\'' )","os . system ( 'gnome-ternumpy . index al -e \'bash -c ""sudo apt-get update; exec bash""\'' )","os . system ( 'gnome-tert . columns al -e \'bash -c ""sudo apt-get update; exec bash""\'' )","os . system ( 'gnome-ternumpy . modules al -e \'bash -c ""sudo apt-get update; exec bash""\'' )","os . system ( 'gnome-tert . s</s> <pad> <pad>al -e \'bash -c ""sudo apt-get update; exec bash""\'' )","os . system ( 'gnome-tern ,</s> <pad> <pad> <pad> <pad>al -e \'bash -c ""sudo apt-get update; exec bash""\'' )","os . system ( 'gnome-tert . keys al -e \'bash -c ""sudo apt-get update; exec bash""\'' )","os . system ( 'gnome-tern . </s> <pad> <pad> <pad>al -e \'bash -c ""sudo apt-get update; exec bash""\'' )","os . system ( 'gnome-ter- numpy . modules al -e \'bash -c ""sudo apt-get update; exec bash""\'' )","os . system ( 'gnome-terts . index al -e \'bash -c ""sudo apt-get update; exec bash""\'' )","os . system ( 'gnome-tert . </s> <pad> <pad> <pad>al -e \'bash -c ""sudo apt-get update; exec bash""\'' )","os . system ( 'gnome-ter- numpy . index al -e \'bash -c ""sudo apt-get update; exec bash""\'' )","os . system ( 'gnome-tern .</s> <pad> <pad> <pad> <pad>al -e \'bash -c ""sudo apt-get update; exec bash""\'' )","os . system ( 'gnome-ters . index al -e \'bash -c ""sudo apt-get update; exec bash""\'' )","os . system ( 'gnome-ter-c .</s> <pad> <pad> <pad>al -e \'bash -c ""sudo apt-get update; exec bash""\'' )"
"max ( x . max  ( ) , x . max ( ) , key = abs )","max ( x . min  ( ) , x . max ( ) , key = abs )","max ( x . min_min  ( ) , x . max ( ) , key = abs )","max ( x . index  ( ) , x . max ( ) , key = abs )","max ( x . min_max  ( ) , x . max ( ) , key = abs )","max ( x . min_ min  ( ) , x . max ( ) , key = abs )","max ( x . max  ( ) , x . max ( ) , key = abs )","max ( x . max_min  ( ) , x . max ( ) , key = abs )","max ( x . min  ( ) , x . max ( ) , key = abs )","max ( x . max_max  ( ) , x . max ( ) , key = abs )","max ( x . max_ min  ( ) , x . max ( ) , key = abs )","max ( x . max  ( ) , x . max ( ) , key = abs )","max ( x . min  ( ) , x . max ( ) , key = abs )","max ( x . min ( )  ( ) , x . max ( ) , key = abs )","max ( x . min_ max  ( ) , x . max ( ) , key = abs )","max ( x . min . min  ( ) , x . max ( ) , key = abs )","max ( x . min . max  ( ) , x . max ( ) , key = abs )","max ( x . imax  ( ) , x . max ( ) , key = abs )","max ( x . min ( max  ( ) , x . max ( ) , key = abs )","max ( x . axis  ( ) , x . max ( ) , key = abs )"
"datetime . datetime . combine ( my_date , datetime . time . datetime  )","datetime . datetime . combine ( my_date , datetime . time . timedelta  )","datetime . datetime . combine ( my_date , datetime . time . now_date  )","datetime . datetime . combine ( my_date , datetime . time . date_date  )","datetime . datetime . combine ( my_date , datetime . time . index  )","datetime . datetime . combine ( my_date , datetime . time . values  )","datetime . datetime . combine ( my_date , datetime . time . to_date  )","datetime . datetime . combine ( my_date , datetime . time . dates  )","datetime . datetime . combine ( my_date , datetime . time . t  )","datetime . datetime . combine ( my_date , datetime . time . timezone  )","datetime . datetime . combine ( my_date , datetime . time . date  )","datetime . datetime . combine ( my_date , datetime . time . now_time  )","datetime . datetime . combine ( my_date , datetime . time . timedeltas  )","datetime . datetime . combine ( my_date , datetime . time . date  )","datetime . datetime . combine ( my_date , datetime . time . date_time  )","datetime . datetime . combine ( my_date , datetime . time . timestamp  )","datetime . datetime . combine ( my_date , datetime . time . date  )","datetime . datetime . combine ( my_date , datetime . time . time_date  )","datetime . datetime . combine ( my_date , datetime . time . from_date  )","datetime . datetime . combine ( my_date , datetime . time . tz  )"
"a [ np . argnp . index  ( a [ : , ( 1 ) ] ) ]","a [ np . argnp . values  ( a [ : , ( 1 ) ] ) ]","a [ np . argnp .</s> <pad> <pad> <pad> ( a [ : , ( 1 ) ] ) ]","a [ np . argnp . columns  ( a [ : , ( 1 ) ] ) ]","a [ np . argr . index  ( a [ : , ( 1 ) ] ) ]","a [ np . arg<extra_id_0>np . index  ( a [ : , ( 1 ) ] ) ]","a [ np . argt . index  ( a [ : , ( 1 ) ] ) ]","a [ np . argnp . id</s> <pad> ( a [ : , ( 1 ) ] ) ]","a [ np . argnp . objects  ( a [ : , ( 1 ) ] ) ]","a [ np . argnp . shape  ( a [ : , ( 1 ) ] ) ]","a [ np . argn . index  ( a [ : , ( 1 ) ] ) ]","a [ np . arg- 1 ,</s> <pad> <pad> <pad> ( a [ : , ( 1 ) ] ) ]","a [ np . argnp . s</s> <pad> ( a [ : , ( 1 ) ] ) ]","a [ np . argnp . modules  ( a [ : , ( 1 ) ] ) ]","a [ np . argnp . </s> <pad> <pad> ( a [ : , ( 1 ) ] ) ]","a [ np . argnp . r</s> <pad> ( a [ : , ( 1 ) ] ) ]","a [ np . argnp . i</s> <pad> ( a [ : , ( 1 ) ] ) ]","a [ np . argnp . ix  ( a [ : , ( 1 ) ] ) ]","a [ np . argnp . a</s> <pad> ( a [ : , ( 1 ) ] ) ]","a [ np . argnp . size  ( a [ : , ( 1 ) ] ) ]"
"print ( lambda x  ( d , key = lambda x : ( d [ x ] [ 'salary' ] , d [ x ] [ 'bonus' ] ) ) )","print ( np  ( d , key = lambda x : ( d [ x ] [ 'salary' ] , d [ x ] [ 'bonus' ] ) ) )","print ( iter  ( d , key = lambda x : ( d [ x ] [ 'salary' ] , d [ x ] [ 'bonus' ] ) ) )","print ( float  ( d , key = lambda x : ( d [ x ] [ 'salary' ] , d [ x ] [ 'bonus' ] ) ) )","print ( iterable  ( d , key = lambda x : ( d [ x ] [ 'salary' ] , d [ x ] [ 'bonus' ] ) ) )","print ( int  ( d , key = lambda x : ( d [ x ] [ 'salary' ] , d [ x ] [ 'bonus' ] ) ) )","print ( matrix  ( d , key = lambda x : ( d [ x ] [ 'salary' ] , d [ x ] [ 'bonus' ] ) ) )","print ( lambda x :  ( d , key = lambda x : ( d [ x ] [ 'salary' ] , d [ x ] [ 'bonus' ] ) ) )","print ( scatter  ( d , key = lambda x : ( d [ x ] [ 'salary' ] , d [ x ] [ 'bonus' ] ) ) )","print ( a . map  ( d , key = lambda x : ( d [ x ] [ 'salary' ] , d [ x ] [ 'bonus' ] ) ) )","print ( a . apply  ( d , key = lambda x : ( d [ x ] [ 'salary' ] , d [ x ] [ 'bonus' ] ) ) )","print ( df . map  ( d , key = lambda x : ( d [ x ] [ 'salary' ] , d [ x ] [ 'bonus' ] ) ) )","print ( iter . map  ( d , key = lambda x : ( d [ x ] [ 'salary' ] , d [ x ] [ 'bonus' ] ) ) )","print ( a . join  ( d , key = lambda x : ( d [ x ] [ 'salary' ] , d [ x ] [ 'bonus' ] ) ) )","print ( id  ( d , key = lambda x : ( d [ x ] [ 'salary' ] , d [ x ] [ 'bonus' ] ) ) )","print ( a , list  ( d , key = lambda x : ( d [ x ] [ 'salary' ] , d [ x ] [ 'bonus' ] ) ) )","print ( values  ( d , key = lambda x : ( d [ x ] [ 'salary' ] , d [ x ] [ 'bonus' ] ) ) )","print ( dtype  ( d , key = lambda x : ( d [ x ] [ 'salary' ] , d [ x ] [ 'bonus' ] ) ) )","print ( enumerate  ( d , key = lambda x : ( d [ x ] [ 'salary' ] , d [ x ] [ 'bonus' ] ) ) )","print ( a . sorted  ( d , key = lambda x : ( d [ x ] [ 'salary' ] , d [ x ] [ 'bonus' ] ) ) )"
"np . array ( [ np . arange ( 3 ) , np . arange ( 2 , -1 , -1 ) , np . ones ( ( 3 , ) ) ] ) . arange  ( axis = 0 )","np . array ( [ np . arange ( 3 ) , np . arange ( 2 , -1 , -1 ) , np . ones ( ( 3 , ) ) ] ) . np  ( axis = 0 )","np . array ( [ np . arange ( 3 ) , np . arange ( 2 , -1 , -1 ) , np . ones ( ( 3 , ) ) ] ) . a . sum  ( axis = 0 )","np . array ( [ np . arange ( 3 ) , np . arange ( 2 , -1 , -1 ) , np . ones ( ( 3 , ) ) ] ) . a , np  ( axis = 0 )","np . array ( [ np . arange ( 3 ) , np . arange ( 2 , -1 , -1 ) , np . ones ( ( 3 , ) ) ] ) . a . apply  ( axis = 0 )","np . array ( [ np . arange ( 3 ) , np . arange ( 2 , -1 , -1 ) , np . ones ( ( 3 , ) ) ] ) . a . index  ( axis = 0 )","np . array ( [ np . arange ( 3 ) , np . arange ( 2 , -1 , -1 ) , np . ones ( ( 3 , ) ) ] ) . a = np  ( axis = 0 )","np . array ( [ np . arange ( 3 ) , np . arange ( 2 , -1 , -1 ) , np . ones ( ( 3 , ) ) ] ) . rstrip  ( axis = 0 )","np . array ( [ np . arange ( 3 ) , np . arange ( 2 , -1 , -1 ) , np . ones ( ( 3 , ) ) ] ) . a . append  ( axis = 0 )","np . array ( [ np . arange ( 3 ) , np . arange ( 2 , -1 , -1 ) , np . ones ( ( 3 , ) ) ] ) . scatterd  ( axis = 0 )","np . array ( [ np . arange ( 3 ) , np . arange ( 2 , -1 , -1 ) , np . ones ( ( 3 , ) ) ] ) . append  ( axis = 0 )","np . array ( [ np . arange ( 3 ) , np . arange ( 2 , -1 , -1 ) , np . ones ( ( 3 , ) ) ] ) . scatter  ( axis = 0 )","np . array ( [ np . arange ( 3 ) , np . arange ( 2 , -1 , -1 ) , np . ones ( ( 3 , ) ) ] ) . index = np  ( axis = 0 )","np . array ( [ np . arange ( 3 ) , np . arange ( 2 , -1 , -1 ) , np . ones ( ( 3 , ) ) ] ) . uint  ( axis = 0 )","np . array ( [ np . arange ( 3 ) , np . arange ( 2 , -1 , -1 ) , np . ones ( ( 3 , ) ) ] ) . a . mean  ( axis = 0 )","np . array ( [ np . arange ( 3 ) , np . arange ( 2 , -1 , -1 ) , np . ones ( ( 3 , ) ) ] ) . - np  ( axis = 0 )","np . array ( [ np . arange ( 3 ) , np . arange ( 2 , -1 , -1 ) , np . ones ( ( 3 , ) ) ] ) . scattert  ( axis = 0 )","np . array ( [ np . arange ( 3 ) , np . arange ( 2 , -1 , -1 ) , np . ones ( ( 3 , ) ) ] ) . a . new  ( axis = 0 )","np . array ( [ np . arange ( 3 ) , np . arange ( 2 , -1 , -1 ) , np . ones ( ( 3 , ) ) ] ) . axis  ( axis = 0 )","np . array ( [ np . arange ( 3 ) , np . arange ( 2 , -1 , -1 ) , np . ones ( ( 3 , ) ) ] ) . a . sort  ( axis = 0 )"
"<extra_id_0></s> <pad> <pad> <pad> <pad> ( d , key = lambda x : d [ x ] [ 'count' ] )","ed <extra_id_0></s> <pad> <pad> <pad> ( d , key = lambda x : d [ x ] [ 'count' ] )","apply <extra_id_0></s> <pad> <pad> <pad> ( d , key = lambda x : d [ x ] [ 'count' ] )","_key <extra_id_0></s> <pad> <pad> ( d , key = lambda x : d [ x ] [ 'count' ] )","_value <extra_id_0></s> <pad> <pad> ( d , key = lambda x : d [ x ] [ 'count' ] )","_dict <extra_id_0></s> <pad> <pad> ( d , key = lambda x : d [ x ] [ 'count' ] )","= dict <extra_id_0></s> <pad> ( d , key = lambda x : d [ x ] [ 'count' ] )","query <extra_id_0></s> <pad> <pad> <pad> ( d , key = lambda x : d [ x ] [ 'count' ] )","lambda x <extra_id_0></s> <pad> ( d , key = lambda x : d [ x ] [ 'count' ] )","_lambda x <extra_id_0></s> ( d , key = lambda x : d [ x ] [ 'count' ] )","values <extra_id_0></s> <pad> <pad> <pad> ( d , key = lambda x : d [ x ] [ 'count' ] )","id <extra_id_0></s> <pad> <pad> <pad> ( d , key = lambda x : d [ x ] [ 'count' ] )","= list <extra_id_0></s> <pad> ( d , key = lambda x : d [ x ] [ 'count' ] )","_count <extra_id_0></s> <pad> <pad> ( d , key = lambda x : d [ x ] [ 'count' ] )","= map <extra_id_0></s> <pad> ( d , key = lambda x : d [ x ] [ 'count' ] )","= dict <extra_id_0></s> <pad> ( d , key = lambda x : d [ x ] [ 'count' ] )","_dict <extra_id_0></s> <pad> <pad> ( d , key = lambda x : d [ x ] [ 'count' ] )","_key <extra_id_0></s> <pad> <pad> ( d , key = lambda x : d [ x ] [ 'count' ] )","foo <extra_id_0></s> <pad> <pad> <pad> ( d , key = lambda x : d [ x ] [ 'count' ] )","append <extra_id_0></s> <pad> <pad> <pad> ( d , key = lambda x : d [ x ] [ 'count' ] )"
df . columns [ df . index  ( ) >  0 ],df . columns [ df . values  ( ) >  0 ],df . columns [ df . columns  ( ) >  0 ],df . columns [ df . lower  ( ) >  0 ],df . columns [ df . keys  ( ) >  0 ],df . columns [ df . shift  ( ) >  0 ],df . columns [ df . row  ( ) >  0 ],df . columns [ df . stack  ( ) >  0 ],df . columns [ df . isin  ( ) >  0 ],df . columns [ df . apply  ( ) >  0 ],df . columns [ df . sorted  ( ) >  0 ],df . columns [ df . tolist  ( ) >  0 ],df . columns [ df . sum  ( ) >  0 ],df . columns [ df . axis  ( ) >  0 ],df . columns [ df . groupby  ( ) >  0 ],df . columns [ df . ravel  ( ) >  0 ],df . columns [ df . id  ( ) >  0 ],df . columns [ df . drop  ( ) >  0 ],df . columns [ df . upper  ( ) >  0 ],df . columns [ df . max  ( ) >  0 ]
"print ( list  ( 1 , 2 , 3 ) )","print ( sum  ( 1 , 2 , 3 ) )","print ( range  ( 1 , 2 , 3 ) )","print ( set  ( 1 , 2 , 3 ) )","print ( str  ( 1 , 2 , 3 ) )","print ( f  ( 1 , 2 , 3 ) )","print ( map  ( 1 , 2 , 3 ) )","print ( len  ( 1 , 2 , 3 ) )","print ( array  ( 1 , 2 , 3 ) )","print ( max  ( 1 , 2 , 3 ) )","print ( dict  ( 1 , 2 , 3 ) )","print ( zip  ( 1 , 2 , 3 ) )","print ( input  ( 1 , 2 , 3 ) )","print ( int  ( 1 , 2 , 3 ) )","print ( type  ( 1 , 2 , 3 ) )","print ( next  ( 1 , 2 , 3 ) )","print ( sorted  ( 1 , 2 , 3 ) )","print ( group  ( 1 , 2 , 3 ) )","print ( min  ( 1 , 2 , 3 ) )","print ( float  ( 1 , 2 , 3 ) )"
[ float  ( len ( str ( x ) ) for x in line ) for line in zip ( * foo ) ],[ slice  ( len ( str ( x ) ) for x in line ) for line in zip ( * foo ) ],[ bool  ( len ( str ( x ) ) for x in line ) for line in zip ( * foo ) ],[ iter  ( len ( str ( x ) ) for x in line ) for line in zip ( * foo ) ],[ foo  ( len ( str ( x ) ) for x in line ) for line in zip ( * foo ) ],[ np  ( len ( str ( x ) ) for x in line ) for line in zip ( * foo ) ],[ int  ( len ( str ( x ) ) for x in line ) for line in zip ( * foo ) ],[ lambda  ( len ( str ( x ) ) for x in line ) for line in zip ( * foo ) ],[ row  ( len ( str ( x ) ) for x in line ) for line in zip ( * foo ) ],[ iterable  ( len ( str ( x ) ) for x in line ) for line in zip ( * foo ) ],[ eval  ( len ( str ( x ) ) for x in line ) for line in zip ( * foo ) ],[ - str  ( len ( str ( x ) ) for x in line ) for line in zip ( * foo ) ],[ lambda len  ( len ( str ( x ) ) for x in line ) for line in zip ( * foo ) ],[ matrix  ( len ( str ( x ) ) for x in line ) for line in zip ( * foo ) ],[ lambda x  ( len ( str ( x ) ) for x in line ) for line in zip ( * foo ) ],[ id  ( len ( str ( x ) ) for x in line ) for line in zip ( * foo ) ],[ hex  ( len ( str ( x ) ) for x in line ) for line in zip ( * foo ) ],[ strf  ( len ( str ( x ) ) for x in line ) for line in zip ( * foo ) ],[ f . join  ( len ( str ( x ) ) for x in line ) for line in zip ( * foo ) ],[ scatter  ( len ( str ( x ) ) for x in line ) for line in zip ( * foo ) ]
<extra_id_0></s> <pad> <pad> ( [ x for x in num_list if x >  2 ] ),<extra_id_0></s> <pad> <pad> ( [ x for x in num_list if x >  2 ] ),<extra_id_0></s> <pad> <pad> ( [ x for x in num_list if x >  2 ] ),<extra_id_0></s> <pad> <pad> ( [ x for x in num_list if x >  2 ] ),<extra_id_0></s> <pad> <pad> ( [ x for x in num_list if x >  2 ] ),<extra_id_0></s> <pad> <pad> ( [ x for x in num_list if x >  2 ] ),ed <extra_id_0></s> <pad> ( [ x for x in num_list if x >  2 ] ),s <extra_id_0></s> <pad> ( [ x for x in num_list if x >  2 ] ),_ <extra_id_0></s> <pad> ( [ x for x in num_list if x >  2 ] ),_list <extra_id_0></s> ( [ x for x in num_list if x >  2 ] ),s <extra_id_0></s> <pad> ( [ x for x in num_list if x >  2 ] ),append <extra_id_0></s> <pad> ( [ x for x in num_list if x >  2 ] ),f <extra_id_0></s> <pad> ( [ x for x in num_list if x >  2 ] ),ed <extra_id_0></s> <pad> ( [ x for x in num_list if x >  2 ] ),_list <extra_id_0></s> ( [ x for x in num_list if x >  2 ] ),s <extra_id_0></s> <pad> ( [ x for x in num_list if x >  2 ] ),_dict <extra_id_0></s> ( [ x for x in num_list if x >  2 ] ),_keys <extra_id_0></s> ( [ x for x in num_list if x >  2 ] ),<extra_id_0></s> <pad> <pad> ( [ x for x in num_list if x >  2 ] ),<extra_id_0></s> <pad> <pad> ( [ x for x in num_list if x >  2 ] )
"s <extra_id_0></s> <pad> <pad> <pad> <pad> ( dicts , key = lambda x : ( abs ( 1.77672955975 - x [ 'ratio' ] ) , - x [ 'pixels' ] ) )","_lambda x <extra_id_0></s> <pad> ( dicts , key = lambda x : ( abs ( 1.77672955975 - x [ 'ratio' ] ) , - x [ 'pixels' ] ) )","_lambda x <extra_id_0></s> <pad> ( dicts , key = lambda x : ( abs ( 1.77672955975 - x [ 'ratio' ] ) , - x [ 'pixels' ] ) )","= list <extra_id_0></s> <pad> <pad> ( dicts , key = lambda x : ( abs ( 1.77672955975 - x [ 'ratio' ] ) , - x [ 'pixels' ] ) )",". apply <extra_id_0></s> <pad> ( dicts , key = lambda x : ( abs ( 1.77672955975 - x [ 'ratio' ] ) , - x [ 'pixels' ] ) )","( float <extra_id_0></s> <pad> <pad> ( dicts , key = lambda x : ( abs ( 1.77672955975 - x [ 'ratio' ] ) , - x [ 'pixels' ] ) )","( lambda x <extra_id_0></s> ( dicts , key = lambda x : ( abs ( 1.77672955975 - x [ 'ratio' ] ) , - x [ 'pixels' ] ) )",". sorted <extra_id_0></s> <pad> ( dicts , key = lambda x : ( abs ( 1.77672955975 - x [ 'ratio' ] ) , - x [ 'pixels' ] ) )","lambda x <extra_id_0></s> <pad> <pad> ( dicts , key = lambda x : ( abs ( 1.77672955975 - x [ 'ratio' ] ) , - x [ 'pixels' ] ) )",". map <extra_id_0></s> <pad> <pad> ( dicts , key = lambda x : ( abs ( 1.77672955975 - x [ 'ratio' ] ) , - x [ 'pixels' ] ) )","= zip <extra_id_0></s> <pad> <pad> ( dicts , key = lambda x : ( abs ( 1.77672955975 - x [ 'ratio' ] ) , - x [ 'pixels' ] ) )","= list <extra_id_0></s> <pad> <pad> ( dicts , key = lambda x : ( abs ( 1.77672955975 - x [ 'ratio' ] ) , - x [ 'pixels' ] ) )","r . map <extra_id_0></s> <pad> ( dicts , key = lambda x : ( abs ( 1.77672955975 - x [ 'ratio' ] ) , - x [ 'pixels' ] ) )",". append <extra_id_0></s> <pad> ( dicts , key = lambda x : ( abs ( 1.77672955975 - x [ 'ratio' ] ) , - x [ 'pixels' ] ) )","r . sorted <extra_id_0></s> ( dicts , key = lambda x : ( abs ( 1.77672955975 - x [ 'ratio' ] ) , - x [ 'pixels' ] ) )","_index <extra_id_0></s> <pad> <pad> <pad> ( dicts , key = lambda x : ( abs ( 1.77672955975 - x [ 'ratio' ] ) , - x [ 'pixels' ] ) )","_dict <extra_id_0></s> <pad> <pad> <pad> ( dicts , key = lambda x : ( abs ( 1.77672955975 - x [ 'ratio' ] ) , - x [ 'pixels' ] ) )","= map <extra_id_0></s> <pad> <pad> ( dicts , key = lambda x : ( abs ( 1.77672955975 - x [ 'ratio' ] ) , - x [ 'pixels' ] ) )","r . apply <extra_id_0></s> ( dicts , key = lambda x : ( abs ( 1.77672955975 - x [ 'ratio' ] ) , - x [ 'pixels' ] ) )","_index <extra_id_0></s> <pad> <pad> <pad> ( dicts , key = lambda x : ( abs ( 1.77672955975 - x [ 'ratio' ] ) , - x [ 'pixels' ] ) )"
arr [ arr != 0 ] . sort  ( ),arr [ arr != 0 ] . pop  ( ),arr [ arr != 0 ] . close  ( ),arr [ arr != 0 ] . sum  ( ),arr [ arr != 0 ] . strip  ( ),arr [ arr != 0 ] . start  ( ),arr [ arr != 0 ] . add  ( ),arr [ arr != 0 ] . copy  ( ),arr [ arr != 0 ] . show  ( ),arr [ arr != 0 ] . split  ( ),arr [ arr != 0 ] . drop  ( ),arr [ arr != 0 ] . count  ( ),arr [ arr != 0 ] . remove  ( ),arr [ arr != 0 ] . save  ( ),arr [ arr != 0 ] . fill  ( ),arr [ arr != 0 ] . update  ( ),arr [ arr != 0 ] . get  ( ),arr [ arr != 0 ] . read  ( ),arr [ arr != 0 ] . num  ( ),arr [ arr != 0 ] . stop  ( )
"ed <extra_id_0></s> <pad> <pad> <pad> ( alkaline_earth_values , key = lambda x : x [ 1 ] )","apply <extra_id_0></s> <pad> <pad> <pad> ( alkaline_earth_values , key = lambda x : x [ 1 ] )","_key <extra_id_0></s> <pad> <pad> ( alkaline_earth_values , key = lambda x : x [ 1 ] )","<extra_id_0></s> <pad> <pad> <pad> <pad> ( alkaline_earth_values , key = lambda x : x [ 1 ] )","_dict <extra_id_0></s> <pad> <pad> ( alkaline_earth_values , key = lambda x : x [ 1 ] )","_index <extra_id_0></s> <pad> <pad> ( alkaline_earth_values , key = lambda x : x [ 1 ] )","_value <extra_id_0></s> <pad> <pad> ( alkaline_earth_values , key = lambda x : x [ 1 ] )","_keys <extra_id_0></s> <pad> <pad> ( alkaline_earth_values , key = lambda x : x [ 1 ] )","_lambda x <extra_id_0></s> ( alkaline_earth_values , key = lambda x : x [ 1 ] )","s <extra_id_0></s> <pad> <pad> <pad> ( alkaline_earth_values , key = lambda x : x [ 1 ] )","grid <extra_id_0></s> <pad> <pad> <pad> ( alkaline_earth_values , key = lambda x : x [ 1 ] )","_ sorted <extra_id_0></s> <pad> ( alkaline_earth_values , key = lambda x : x [ 1 ] )","_set <extra_id_0></s> <pad> <pad> ( alkaline_earth_values , key = lambda x : x [ 1 ] )","_values <extra_id_0></s> <pad> <pad> ( alkaline_earth_values , key = lambda x : x [ 1 ] )","_by <extra_id_0></s> <pad> <pad> ( alkaline_earth_values , key = lambda x : x [ 1 ] )","= list <extra_id_0></s> <pad> ( alkaline_earth_values , key = lambda x : x [ 1 ] )","_to <extra_id_0></s> <pad> <pad> ( alkaline_earth_values , key = lambda x : x [ 1 ] )","_matrix <extra_id_0></s> <pad> <pad> ( alkaline_earth_values , key = lambda x : x [ 1 ] )","_sorted <extra_id_0></s> <pad> ( alkaline_earth_values , key = lambda x : x [ 1 ] )","_ext <extra_id_0></s> <pad> <pad> ( alkaline_earth_values , key = lambda x : x [ 1 ] )"
df . groupby ( df . index . map ( lambda t : t . u ute ) ),df . groupby ( df . index . map ( lambda t : t . index_ ute ) ),df . groupby ( df . index . map ( lambda t : t . s ute ) ),df . groupby ( df . index . map ( lambda t : t . t ute ) ),df . groupby ( df . index . map ( lambda t : t . i ute ) ),df . groupby ( df . index . map ( lambda t : t . uint ute ) ),df . groupby ( df . index . map ( lambda t : t . uint_ ute ) ),df . groupby ( df . index . map ( lambda t : t . df_ ute ) ),df . groupby ( df . index . map ( lambda t : t . ext_ ute ) ),df . groupby ( df . index . map ( lambda t : t . t_ ute ) ),df . groupby ( df . index . map ( lambda t : t . n ute ) ),df . groupby ( df . index . map ( lambda t : t . ts ute ) ),df . groupby ( df . index . map ( lambda t : t . values_ ute ) ),df . groupby ( df . index . map ( lambda t : t . index .  ute ) ),df . groupby ( df . index . map ( lambda t : t . idx_ ute ) ),df . groupby ( df . index . map ( lambda t : t . int ute ) ),df . groupby ( df . index . map ( lambda t : t . id_ ute ) ),df . groupby ( df . index . map ( lambda t : t . tz ute ) ),df . groupby ( df . index . map ( lambda t : t . td ute ) ),df . groupby ( df . index . map ( lambda t : t . e ute ) )
"max ( min_value  ( my_value , max_value ) , min_value )","max ( max_value  ( my_value , max_value ) , min_value )","max ( float  ( my_value , max_value ) , min_value )","max ( max  ( my_value , max_value ) , min_value )","max ( len  ( my_value , max_value ) , min_value )","max ( bool  ( my_value , max_value ) , min_value )","max ( max_key  ( my_value , max_value ) , min_value )","max ( min_key  ( my_value , max_value ) , min_value )","max ( max_values  ( my_value , max_value ) , min_value )","max ( int  ( my_value , max_value ) , min_value )","max ( slice  ( my_value , max_value ) , min_value )","max ( my_value  ( my_value , max_value ) , min_value )","max ( max_name  ( my_value , max_value ) , min_value )","max ( sorted  ( my_value , max_value ) , min_value )","max ( min_name  ( my_value , max_value ) , min_value )","max ( min_values  ( my_value , max_value ) , min_value )","max ( iter  ( my_value , max_value ) , min_value )","max ( sum  ( my_value , max_value ) , min_value )","max ( sum_value  ( my_value , max_value ) , min_value )","max ( new_value  ( my_value , max_value ) , min_value )"
"<extra_id_0></s> <pad> <pad> <pad> ( list ( MyCount . keys ( ) ) , key = int )","<extra_id_0></s> <pad> <pad> <pad> ( list ( MyCount . keys ( ) ) , key = int )","= list <extra_id_0></s> ( list ( MyCount . keys ( ) ) , key = int )","s <extra_id_0></s> <pad> <pad> ( list ( MyCount . keys ( ) ) , key = int )","ed <extra_id_0></s> <pad> <pad> ( list ( MyCount . keys ( ) ) , key = int )","= dict <extra_id_0></s> ( list ( MyCount . keys ( ) ) , key = int )","( list <extra_id_0></s> <pad> ( list ( MyCount . keys ( ) ) , key = int )","_dict <extra_id_0></s> <pad> ( list ( MyCount . keys ( ) ) , key = int )","_keys <extra_id_0></s> <pad> ( list ( MyCount . keys ( ) ) , key = int )","s <extra_id_0></s> <pad> <pad> ( list ( MyCount . keys ( ) ) , key = int )","_ <extra_id_0></s> <pad> <pad> ( list ( MyCount . keys ( ) ) , key = int )","= map <extra_id_0></s> ( list ( MyCount . keys ( ) ) , key = int )","ed <extra_id_0></s> <pad> <pad> ( list ( MyCount . keys ( ) ) , key = int )","_key <extra_id_0></s> <pad> ( list ( MyCount . keys ( ) ) , key = int )","by <extra_id_0></s> <pad> <pad> ( list ( MyCount . keys ( ) ) , key = int )","ed <extra_id_0></s> <pad> <pad> ( list ( MyCount . keys ( ) ) , key = int )","f <extra_id_0></s> <pad> <pad> ( list ( MyCount . keys ( ) ) , key = int )","_ sorted <extra_id_0></s> ( list ( MyCount . keys ( ) ) , key = int )","attr <extra_id_0></s> <pad> <pad> ( list ( MyCount . keys ( ) ) , key = int )","_set <extra_id_0></s> <pad> ( list ( MyCount . keys ( ) ) , key = int )"
"[ np  ( abs ( x ) for x in arr [ i : i + 4 ] ) for i in range ( 0 , len ( arr ) , 4 ) ]","[ i . join  ( abs ( x ) for x in arr [ i : i + 4 ] ) for i in range ( 0 , len ( arr ) , 4 ) ]","[ float  ( abs ( x ) for x in arr [ i : i + 4 ] ) for i in range ( 0 , len ( arr ) , 4 ) ]","[ x . join  ( abs ( x ) for x in arr [ i : i + 4 ] ) for i in range ( 0 , len ( arr ) , 4 ) ]","[ a . join  ( abs ( x ) for x in arr [ i : i + 4 ] ) for i in range ( 0 , len ( arr ) , 4 ) ]","[ x : len  ( abs ( x ) for x in arr [ i : i + 4 ] ) for i in range ( 0 , len ( arr ) , 4 ) ]","[ i . append  ( abs ( x ) for x in arr [ i : i + 4 ] ) for i in range ( 0 , len ( arr ) , 4 ) ]","[ i . sum  ( abs ( x ) for x in arr [ i : i + 4 ] ) for i in range ( 0 , len ( arr ) , 4 ) ]","[ iloc  ( abs ( x ) for x in arr [ i : i + 4 ] ) for i in range ( 0 , len ( arr ) , 4 ) ]","[ a : len  ( abs ( x ) for x in arr [ i : i + 4 ] ) for i in range ( 0 , len ( arr ) , 4 ) ]","[ - len  ( abs ( x ) for x in arr [ i : i + 4 ] ) for i in range ( 0 , len ( arr ) , 4 ) ]","[ np . join  ( abs ( x ) for x in arr [ i : i + 4 ] ) for i in range ( 0 , len ( arr ) , 4 ) ]","[ l . join  ( abs ( x ) for x in arr [ i : i + 4 ] ) for i in range ( 0 , len ( arr ) , 4 ) ]","[ lambda i  ( abs ( x ) for x in arr [ i : i + 4 ] ) for i in range ( 0 , len ( arr ) , 4 ) ]","[ sparse  ( abs ( x ) for x in arr [ i : i + 4 ] ) for i in range ( 0 , len ( arr ) , 4 ) ]","[ i : len  ( abs ( x ) for x in arr [ i : i + 4 ] ) for i in range ( 0 , len ( arr ) , 4 ) ]","[ i , len  ( abs ( x ) for x in arr [ i : i + 4 ] ) for i in range ( 0 , len ( arr ) , 4 ) ]","[ r . join  ( abs ( x ) for x in arr [ i : i + 4 ] ) for i in range ( 0 , len ( arr ) , 4 ) ]","[ i . add  ( abs ( x ) for x in arr [ i : i + 4 ] ) for i in range ( 0 , len ( arr ) , 4 ) ]","[ scatter  ( abs ( x ) for x in arr [ i : i + 4 ] ) for i in range ( 0 , len ( arr ) , 4 ) ]"
"a <extra_id_0></s> <pad> <pad> <pad>_item = max ( a_list , key = operator . itemgetter ( 1 ) )","_a <extra_id_0></s> <pad> <pad>_item = max ( a_list , key = operator . itemgetter ( 1 ) )","_a <extra_id_0></s> <pad> <pad>_item = max ( a_list , key = operator . itemgetter ( 1 ) )","_a <extra_id_0></s> <pad> <pad>_item = max ( a_list , key = operator . itemgetter ( 1 ) )","a_a <extra_id_0></s> <pad>_item = max ( a_list , key = operator . itemgetter ( 1 ) )","_a <extra_id_0></s> <pad> <pad>_item = max ( a_list , key = operator . itemgetter ( 1 ) )","x <extra_id_0></s> <pad> <pad> <pad>_item = max ( a_list , key = operator . itemgetter ( 1 ) )","_a <extra_id_0></s> <pad> <pad>_item = max ( a_list , key = operator . itemgetter ( 1 ) )","n <extra_id_0></s> <pad> <pad> <pad>_item = max ( a_list , key = operator . itemgetter ( 1 ) )","_a <extra_id_0></s> <pad> <pad>_item = max ( a_list , key = operator . itemgetter ( 1 ) )","i <extra_id_0></s> <pad> <pad> <pad>_item = max ( a_list , key = operator . itemgetter ( 1 ) )","<extra_id_0></s> <pad> <pad> <pad> <pad>_item = max ( a_list , key = operator . itemgetter ( 1 ) )","( a <extra_id_0></s> <pad>_item = max ( a_list , key = operator . itemgetter ( 1 ) )","r <extra_id_0></s> <pad> <pad> <pad>_item = max ( a_list , key = operator . itemgetter ( 1 ) )","lambda a <extra_id_0></s> <pad>_item = max ( a_list , key = operator . itemgetter ( 1 ) )","s <extra_id_0></s> <pad> <pad> <pad>_item = max ( a_list , key = operator . itemgetter ( 1 ) )","a <extra_id_0></s> <pad> <pad>_item = max ( a_list , key = operator . itemgetter ( 1 ) )","_a <extra_id_0></s> <pad> <pad>_item = max ( a_list , key = operator . itemgetter ( 1 ) )",". a <extra_id_0></s>_item = max ( a_list , key = operator . itemgetter ( 1 ) )","_a <extra_id_0></s> <pad> <pad>_item = max ( a_list , key = operator . itemgetter ( 1 ) )"
"<extra_id_0></s> <pad> <pad> <pad> ( a_list , key = operator . itemgetter ( 1 ) )","<extra_id_0></s> <pad> <pad> <pad> ( a_list , key = operator . itemgetter ( 1 ) )","ed <extra_id_0></s> <pad> <pad> ( a_list , key = operator . itemgetter ( 1 ) )","ter <extra_id_0></s> <pad> <pad> ( a_list , key = operator . itemgetter ( 1 ) )","_key <extra_id_0></s> <pad> ( a_list , key = operator . itemgetter ( 1 ) )","_value <extra_id_0></s> <pad> ( a_list , key = operator . itemgetter ( 1 ) )","ed <extra_id_0></s> <pad> <pad> ( a_list , key = operator . itemgetter ( 1 ) )","_ <extra_id_0></s> <pad> <pad> ( a_list , key = operator . itemgetter ( 1 ) )","= list <extra_id_0></s> ( a_list , key = operator . itemgetter ( 1 ) )","_keys <extra_id_0></s> <pad> ( a_list , key = operator . itemgetter ( 1 ) )","s <extra_id_0></s> <pad> <pad> ( a_list , key = operator . itemgetter ( 1 ) )","_set <extra_id_0></s> <pad> ( a_list , key = operator . itemgetter ( 1 ) )","item <extra_id_0></s> <pad> <pad> ( a_list , key = operator . itemgetter ( 1 ) )","= list <extra_id_0></s> ( a_list , key = operator . itemgetter ( 1 ) )","ter <extra_id_0></s> <pad> <pad> ( a_list , key = operator . itemgetter ( 1 ) )","_dict <extra_id_0></s> <pad> ( a_list , key = operator . itemgetter ( 1 ) )","by <extra_id_0></s> <pad> <pad> ( a_list , key = operator . itemgetter ( 1 ) )","query <extra_id_0></s> <pad> <pad> ( a_list , key = operator . itemgetter ( 1 ) )","_ sorted <extra_id_0></s> ( a_list , key = operator . itemgetter ( 1 ) )","_index <extra_id_0></s> <pad> ( a_list , key = operator . itemgetter ( 1 ) )"
"pandas . read_csv ( filename , sep = '\t' , lineterr . index ator = '\r' )","pandas . read_csv ( filename , sep = '\t' , linetert . index ator = '\r' )","pandas . read_csv ( filename , sep = '\t' , linetert = csv ator = '\r' )","pandas . read_csv ( filename , sep = '\t' , lineterr.csv ator = '\r' )","pandas . read_csv ( filename , sep = '\t' , lineterr . columns ator = '\r' )","pandas . read_csv ( filename , sep = '\t' , linetercsv.csv ator = '\r' )","pandas . read_csv ( filename , sep = '\t' , linetern . index ator = '\r' )","pandas . read_csv ( filename , sep = '\t' , linetert . csv ator = '\r' )","pandas . read_csv ( filename , sep = '\t' , lineterr = csv ator = '\r' )","pandas . read_csv ( filename , sep = '\t' , lineter_csv' ator = '\r' )","pandas . read_csv ( filename , sep = '\t' , lineterr . csv ator = '\r' )","pandas . read_csv ( filename , sep = '\t' , linetert . columns ator = '\r' )","pandas . read_csv ( filename , sep = '\t' , lineter_data = csv ator = '\r' )","pandas . read_csv ( filename , sep = '\t' , lineter_c = csv ator = '\r' )","pandas . read_csv ( filename , sep = '\t' , linetern_file ator = '\r' )","pandas . read_csv ( filename , sep = '\t' , lineter_file = csv ator = '\r' )","pandas . read_csv ( filename , sep = '\t' , linetern . csv ator = '\r' )","pandas . read_csv ( filename , sep = '\t' , lineter_df . index ator = '\r' )","pandas . read_csv ( filename , sep = '\t' , lineters = csv ator = '\r' )","pandas . read_csv ( filename , sep = '\t' , lineterts . index ator = '\r' )"
webbrowser . open ( 'http://somesite.com/adt .</s> <pad> <pad> <pad> <pad>panel/index.php' ),webbrowser . open ( 'http://somesite.com/adr .</s> <pad> <pad> <pad> <pad>panel/index.php' ),"webbrowser . open ( 'http://somesite.com/adt ,</s> <pad> <pad> <pad> <pad>panel/index.php' )","webbrowser . open ( 'http://somesite.com/ad"""""" ,</s> <pad> <pad> <pad> <pad>panel/index.php' )",webbrowser . open ( 'http://somesite.com/add .</s> <pad> <pad> <pad> <pad>panel/index.php' ),webbrowser . open ( 'http://somesite.com/adseq . index panel/index.php' ),webbrowser . open ( 'http://somesite.com/ad_url .</s> <pad> <pad> <pad>panel/index.php' ),webbrowser . open ( 'http://somesite.com/ad<extra_id_11></s> <pad> <pad> <pad> <pad> <pad> <pad>panel/index.php' ),webbrowser . open ( 'http://somesite.com/adr. index panel/index.php' ),webbrowser . open ( 'http://somesite.com/adt . index panel/index.php' ),webbrowser . open ( 'http://somesite.com/ad<extra_id_0>t .</s> <pad> <pad> <pad>panel/index.php' ),webbrowser . open ( 'http://somesite.com/ad_id</s> <pad> <pad> <pad> <pad> <pad>panel/index.php' ),webbrowser . open ( 'http://somesite.com/adt = False</s> <pad> <pad>panel/index.php' ),webbrowser . open ( 'http://somesite.com/ad_index panel/index.php' ),"webbrowser . open ( 'http://somesite.com/ad2 ,</s> <pad> <pad> <pad> <pad>panel/index.php' )",webbrowser . open ( 'http://somesite.com/ad_url</s> <pad> <pad> <pad> <pad> <pad>panel/index.php' ),webbrowser . open ( 'http://somesite.com/adt = url panel/index.php' ),webbrowser . open ( 'http://somesite.com/ad%s</s> <pad> <pad> <pad> <pad> <pad>panel/index.php' ),webbrowser . open ( 'http://somesite.com/adt = index panel/index.php' ),webbrowser . open ( 'http://somesite.com/ad</s> <pad> <pad> <pad> <pad> <pad> <pad> <pad>panel/index.php' )
"<extra_id_0></s> <pad> <pad> <pad> <pad> ( myList , key = lambda x : abs ( x - myNumber ) )","ed <extra_id_0></s> <pad> <pad> <pad> ( myList , key = lambda x : abs ( x - myNumber ) )","apply <extra_id_0></s> <pad> <pad> <pad> ( myList , key = lambda x : abs ( x - myNumber ) )","lambda x <extra_id_0></s> <pad> ( myList , key = lambda x : abs ( x - myNumber ) )","<extra_id_0></s> <pad> <pad> <pad> <pad> ( myList , key = lambda x : abs ( x - myNumber ) )","_lambda x <extra_id_0></s> ( myList , key = lambda x : abs ( x - myNumber ) )","= dict <extra_id_0></s> <pad> ( myList , key = lambda x : abs ( x - myNumber ) )","Dict <extra_id_0></s> <pad> <pad> ( myList , key = lambda x : abs ( x - myNumber ) )","= list <extra_id_0></s> <pad> ( myList , key = lambda x : abs ( x - myNumber ) )","ed <extra_id_0></s> <pad> <pad> <pad> ( myList , key = lambda x : abs ( x - myNumber ) )","ed <extra_id_0></s> <pad> <pad> <pad> ( myList , key = lambda x : abs ( x - myNumber ) )","= map <extra_id_0></s> <pad> ( myList , key = lambda x : abs ( x - myNumber ) )","s <extra_id_0></s> <pad> <pad> <pad> ( myList , key = lambda x : abs ( x - myNumber ) )","= dict <extra_id_0></s> <pad> ( myList , key = lambda x : abs ( x - myNumber ) )","= list <extra_id_0></s> <pad> ( myList , key = lambda x : abs ( x - myNumber ) )","s <extra_id_0></s> <pad> <pad> <pad> ( myList , key = lambda x : abs ( x - myNumber ) )","f <extra_id_0></s> <pad> <pad> <pad> ( myList , key = lambda x : abs ( x - myNumber ) )","= map <extra_id_0></s> <pad> ( myList , key = lambda x : abs ( x - myNumber ) )","= str <extra_id_0></s> <pad> ( myList , key = lambda x : abs ( x - myNumber ) )","iter <extra_id_0></s> <pad> <pad> <pad> ( myList , key = lambda x : abs ( x - myNumber ) )"
<extra_id_0></s> <pad> ( len ( word ) for word in i ),<extra_id_0></s> <pad> ( len ( word ) for word in i ),<extra_id_0></s> <pad> ( len ( word ) for word in i ),<extra_id_0></s> <pad> ( len ( word ) for word in i ),<extra_id_0></s> <pad> ( len ( word ) for word in i ),<extra_id_0></s> <pad> ( len ( word ) for word in i ),<extra_id_0></s> <pad> ( len ( word ) for word in i ),<extra_id_0></s> <pad> ( len ( word ) for word in i ),<extra_id_0></s> <pad> ( len ( word ) for word in i ),<extra_id_0></s> <pad> ( len ( word ) for word in i ),<extra_id_0></s> <pad> ( len ( word ) for word in i ),<extra_id_0></s> <pad> ( len ( word ) for word in i ),<extra_id_0></s> <pad> ( len ( word ) for word in i ),<extra_id_0></s> <pad> ( len ( word ) for word in i ),<extra_id_0></s> <pad> ( len ( word ) for word in i ),<extra_id_0></s> <pad> ( len ( word ) for word in i ),next <extra_id_0></s> ( len ( word ) for word in i ),ed <extra_id_0></s> ( len ( word ) for word in i ),<extra_id_0></s> <pad> ( len ( word ) for word in i ),sum <extra_id_0></s> ( len ( word ) for word in i )
"len ( list  ( i , key = len ) )","len ( set  ( i , key = len ) )","len ( len  ( i , key = len ) )","len ( zip  ( i , key = len ) )","len ( map  ( i , key = len ) )","len ( str  ( i , key = len ) )","len ( dict  ( i , key = len ) )","len ( sum  ( i , key = len ) )","len ( range  ( i , key = len ) )","len ( sorted  ( i , key = len ) )","len ( iter  ( i , key = len ) )","len ( int  ( i , key = len ) )","len ( next  ( i , key = len ) )","len ( max  ( i , key = len ) )","len ( float  ( i , key = len ) )","len ( f  ( i , key = len ) )","len ( type  ( i , key = len ) )","len ( input  ( i , key = len ) )","len ( * len  ( i , key = len ) )","len ( min  ( i , key = len ) )"
"d . apply ( lambda row : row  ( [ row [ 'A' ] , row [ 'B' ] ] ) - row [ 'C' ] , axis = 1 )","d . apply ( lambda row : np  ( [ row [ 'A' ] , row [ 'B' ] ] ) - row [ 'C' ] , axis = 1 )","d . apply ( lambda row : lambda row  ( [ row [ 'A' ] , row [ 'B' ] ] ) - row [ 'C' ] , axis = 1 )","d . apply ( lambda row : df . apply  ( [ row [ 'A' ] , row [ 'B' ] ] ) - row [ 'C' ] , axis = 1 )","d . apply ( lambda row : row . apply  ( [ row [ 'A' ] , row [ 'B' ] ] ) - row [ 'C' ] , axis = 1 )","d . apply ( lambda row : df . join  ( [ row [ 'A' ] , row [ 'B' ] ] ) - row [ 'C' ] , axis = 1 )","d . apply ( lambda row : row . join  ( [ row [ 'A' ] , row [ 'B' ] ] ) - row [ 'C' ] , axis = 1 )","d . apply ( lambda row : row_index  ( [ row [ 'A' ] , row [ 'B' ] ] ) - row [ 'C' ] , axis = 1 )","d . apply ( lambda row : np . apply  ( [ row [ 'A' ] , row [ 'B' ] ] ) - row [ 'C' ] , axis = 1 )","d . apply ( lambda row : rowd  ( [ row [ 'A' ] , row [ 'B' ] ] ) - row [ 'C' ] , axis = 1 )","d . apply ( lambda row : df . replace  ( [ row [ 'A' ] , row [ 'B' ] ] ) - row [ 'C' ] , axis = 1 )","d . apply ( lambda row : a . apply  ( [ row [ 'A' ] , row [ 'B' ] ] ) - row [ 'C' ] , axis = 1 )","d . apply ( lambda row : row . replace  ( [ row [ 'A' ] , row [ 'B' ] ] ) - row [ 'C' ] , axis = 1 )","d . apply ( lambda row : row . split  ( [ row [ 'A' ] , row [ 'B' ] ] ) - row [ 'C' ] , axis = 1 )","d . apply ( lambda row : r . apply  ( [ row [ 'A' ] , row [ 'B' ] ] ) - row [ 'C' ] , axis = 1 )","d . apply ( lambda row : - row  ( [ row [ 'A' ] , row [ 'B' ] ] ) - row [ 'C' ] , axis = 1 )","d . apply ( lambda row : df . map  ( [ row [ 'A' ] , row [ 'B' ] ] ) - row [ 'C' ] , axis = 1 )","d . apply ( lambda row : row2  ( [ row [ 'A' ] , row [ 'B' ] ] ) - row [ 'C' ] , axis = 1 )","d . apply ( lambda row : df . split  ( [ row [ 'A' ] , row [ 'B' ] ] ) - row [ 'C' ] , axis = 1 )","d . apply ( lambda row : rowby  ( [ row [ 'A' ] , row [ 'B' ] ] ) - row [ 'C' ] , axis = 1 )"
"quadmesh . set_clim ( vt . index  = 0 , vmax = 15 )","quadmesh . set_clim ( vt .</s> <pad> <pad> <pad> <pad> = 0 , vmax = 15 )","quadmesh . set_clim ( v- 1 ,</s> <pad> <pad> <pad> = 0 , vmax = 15 )","quadmesh . set_clim ( vr . index  = 0 , vmax = 15 )","quadmesh . set_clim ( v- 1</s> <pad> <pad> <pad> <pad> <pad> = 0 , vmax = 15 )","quadmesh . set_clim ( v- 0 ,</s> <pad> <pad> <pad> = 0 , vmax = 15 )","quadmesh . set_clim ( vn . index  = 0 , vmax = 15 )","quadmesh . set_clim ( v- 1 )</s> <pad> <pad> <pad> = 0 , vmax = 15 )","quadmesh . set_clim ( vt . shape  = 0 , vmax = 15 )","quadmesh . set_clim ( vt . values  = 0 , vmax = 15 )","quadmesh . set_clim ( vt . size  = 0 , vmax = 15 )","quadmesh . set_clim ( vt . columns  = 0 , vmax = 15 )","quadmesh . set_clim ( vt . height  = 0 , vmax = 15 )","quadmesh . set_clim ( vr . shape  = 0 , vmax = 15 )","quadmesh . set_clim ( vt . T</s> <pad> <pad> <pad> = 0 , vmax = 15 )","quadmesh . set_clim ( vt . shape</s> <pad> <pad> <pad> = 0 , vmax = 15 )","quadmesh . set_clim ( v- 10 ,</s> <pad> <pad> <pad> = 0 , vmax = 15 )","quadmesh . set_clim ( vd . index  = 0 , vmax = 15 )","quadmesh . set_clim ( vnp . index  = 0 , vmax = 15 )","quadmesh . set_clim ( vs . index  = 0 , vmax = 15 )"
"df . groupby ( [ 'col5' , 'col2' ] ) . size ( ) . groupby ( level = 1 ) . values  ( )","df . groupby ( [ 'col5' , 'col2' ] ) . size ( ) . groupby ( level = 1 ) . index  ( )","df . groupby ( [ 'col5' , 'col2' ] ) . size ( ) . groupby ( level = 1 ) . lower  ( )","df . groupby ( [ 'col5' , 'col2' ] ) . size ( ) . groupby ( level = 1 ) . stack  ( )","df . groupby ( [ 'col5' , 'col2' ] ) . size ( ) . groupby ( level = 1 ) . shift  ( )","df . groupby ( [ 'col5' , 'col2' ] ) . size ( ) . groupby ( level = 1 ) . apply  ( )","df . groupby ( [ 'col5' , 'col2' ] ) . size ( ) . groupby ( level = 1 ) . isin  ( )","df . groupby ( [ 'col5' , 'col2' ] ) . size ( ) . groupby ( level = 1 ) . arange  ( )","df . groupby ( [ 'col5' , 'col2' ] ) . size ( ) . groupby ( level = 1 ) . iloc  ( )","df . groupby ( [ 'col5' , 'col2' ] ) . size ( ) . groupby ( level = 1 ) . scatter  ( )","df . groupby ( [ 'col5' , 'col2' ] ) . size ( ) . groupby ( level = 1 ) . columns  ( )","df . groupby ( [ 'col5' , 'col2' ] ) . size ( ) . groupby ( level = 1 ) . np  ( )","df . groupby ( [ 'col5' , 'col2' ] ) . size ( ) . groupby ( level = 1 ) . uint  ( )","df . groupby ( [ 'col5' , 'col2' ] ) . size ( ) . groupby ( level = 1 ) . axis  ( )","df . groupby ( [ 'col5' , 'col2' ] ) . size ( ) . groupby ( level = 1 ) . row  ( )","df . groupby ( [ 'col5' , 'col2' ] ) . size ( ) . groupby ( level = 1 ) . shift_index  ( )","df . groupby ( [ 'col5' , 'col2' ] ) . size ( ) . groupby ( level = 1 ) . index_index  ( )","df . groupby ( [ 'col5' , 'col2' ] ) . size ( ) . groupby ( level = 1 ) . a . size  ( )","df . groupby ( [ 'col5' , 'col2' ] ) . size ( ) . groupby ( level = 1 ) . a . sum  ( )","df . groupby ( [ 'col5' , 'col2' ] ) . size ( ) . groupby ( level = 1 ) . float  ( )"
"_dict <extra_id_0></s> <pad> <pad> ( enumerate ( a ) , key = lambda x : x [ 1 ] ) [ 0 ]","_key <extra_id_0></s> <pad> <pad> ( enumerate ( a ) , key = lambda x : x [ 1 ] ) [ 0 ]","_keys <extra_id_0></s> <pad> <pad> ( enumerate ( a ) , key = lambda x : x [ 1 ] ) [ 0 ]","= list <extra_id_0></s> <pad> ( enumerate ( a ) , key = lambda x : x [ 1 ] ) [ 0 ]","_index <extra_id_0></s> <pad> <pad> ( enumerate ( a ) , key = lambda x : x [ 1 ] ) [ 0 ]","_lambda x <extra_id_0></s> ( enumerate ( a ) , key = lambda x : x [ 1 ] ) [ 0 ]","_value <extra_id_0></s> <pad> <pad> ( enumerate ( a ) , key = lambda x : x [ 1 ] ) [ 0 ]","ed <extra_id_0></s> <pad> <pad> <pad> ( enumerate ( a ) , key = lambda x : x [ 1 ] ) [ 0 ]","values <extra_id_0></s> <pad> <pad> <pad> ( enumerate ( a ) , key = lambda x : x [ 1 ] ) [ 0 ]","_ sorted <extra_id_0></s> <pad> ( enumerate ( a ) , key = lambda x : x [ 1 ] ) [ 0 ]","= list <extra_id_0></s> <pad> ( enumerate ( a ) , key = lambda x : x [ 1 ] ) [ 0 ]","= dict <extra_id_0></s> <pad> ( enumerate ( a ) , key = lambda x : x [ 1 ] ) [ 0 ]","_list <extra_id_0></s> <pad> <pad> ( enumerate ( a ) , key = lambda x : x [ 1 ] ) [ 0 ]","<extra_id_0></s> <pad> <pad> <pad> <pad> ( enumerate ( a ) , key = lambda x : x [ 1 ] ) [ 0 ]","_values <extra_id_0></s> <pad> <pad> ( enumerate ( a ) , key = lambda x : x [ 1 ] ) [ 0 ]","_all <extra_id_0></s> <pad> <pad> ( enumerate ( a ) , key = lambda x : x [ 1 ] ) [ 0 ]","_set <extra_id_0></s> <pad> <pad> ( enumerate ( a ) , key = lambda x : x [ 1 ] ) [ 0 ]","iter <extra_id_0></s> <pad> <pad> <pad> ( enumerate ( a ) , key = lambda x : x [ 1 ] ) [ 0 ]","_dict <extra_id_0></s> <pad> <pad> ( enumerate ( a ) , key = lambda x : x [ 1 ] ) [ 0 ]","= map <extra_id_0></s> <pad> ( enumerate ( a ) , key = lambda x : x [ 1 ] ) [ 0 ]"
"np . ma . array ( np . tile ( arr , 2 ) . reshape ( 2 , 3 ) , mask = ~ cond ) . arg- 1 )</s> <pad> <pad> <pad> ( axis = 1 )","np . ma . array ( np . tile ( arr , 2 ) . reshape ( 2 , 3 ) , mask = ~ cond ) . arg- 1 ,</s> <pad> <pad> <pad> ( axis = 1 )","np . ma . array ( np . tile ( arr , 2 ) . reshape ( 2 , 3 ) , mask = ~ cond ) . argnp . index  ( axis = 1 )","np . ma . array ( np . tile ( arr , 2 ) . reshape ( 2 , 3 ) , mask = ~ cond ) . argt . index  ( axis = 1 )","np . ma . array ( np . tile ( arr , 2 ) . reshape ( 2 , 3 ) , mask = ~ cond ) . argr . index  ( axis = 1 )","np . ma . array ( np . tile ( arr , 2 ) . reshape ( 2 , 3 ) , mask = ~ cond ) . argn . index  ( axis = 1 )","np . ma . array ( np . tile ( arr , 2 ) . reshape ( 2 , 3 ) , mask = ~ cond ) . arg- 1 , </s> <pad> <pad> ( axis = 1 )","np . ma . array ( np . tile ( arr , 2 ) . reshape ( 2 , 3 ) , mask = ~ cond ) . arg- 1 , - 1</s> ( axis = 1 )","np . ma . array ( np . tile ( arr , 2 ) . reshape ( 2 , 3 ) , mask = ~ cond ) . arg- 1 , 1</s> <pad> <pad> ( axis = 1 )","np . ma . array ( np . tile ( arr , 2 ) . reshape ( 2 , 3 ) , mask = ~ cond ) . arg- 1 , x  ( axis = 1 )","np . ma . array ( np . tile ( arr , 2 ) . reshape ( 2 , 3 ) , mask = ~ cond ) . argnp . values  ( axis = 1 )","np . ma . array ( np . tile ( arr , 2 ) . reshape ( 2 , 3 ) , mask = ~ cond ) . arg- 1 , )</s> <pad> ( axis = 1 )","np . ma . array ( np . tile ( arr , 2 ) . reshape ( 2 , 3 ) , mask = ~ cond ) . arg- 1 , n</s> <pad> ( axis = 1 )","np . ma . array ( np . tile ( arr , 2 ) . reshape ( 2 , 3 ) , mask = ~ cond ) . arg- 2 ,</s> <pad> <pad> <pad> ( axis = 1 )","np . ma . array ( np . tile ( arr , 2 ) . reshape ( 2 , 3 ) , mask = ~ cond ) . arg- 0 ,</s> <pad> <pad> <pad> ( axis = 1 )","np . ma . array ( np . tile ( arr , 2 ) . reshape ( 2 , 3 ) , mask = ~ cond ) . arg- 1 , 2</s> <pad> <pad> ( axis = 1 )","np . ma . array ( np . tile ( arr , 2 ) . reshape ( 2 , 3 ) , mask = ~ cond ) . arg- 2 )</s> <pad> <pad> <pad> ( axis = 1 )","np . ma . array ( np . tile ( arr , 2 ) . reshape ( 2 , 3 ) , mask = ~ cond ) . arg- 1 ]</s> <pad> <pad> <pad> ( axis = 1 )","np . ma . array ( np . tile ( arr , 2 ) . reshape ( 2 , 3 ) , mask = ~ cond ) . arg_b . index  ( axis = 1 )","np . ma . array ( np . tile ( arr , 2 ) . reshape ( 2 , 3 ) , mask = ~ cond ) . arg- 1 , _ ) ( axis = 1 )"
"apply <extra_id_0></s> <pad> <pad> ( lst , key = lambda x : x [ 'score' ] )","ed <extra_id_0></s> <pad> <pad> ( lst , key = lambda x : x [ 'score' ] )","<extra_id_0></s> <pad> <pad> <pad> ( lst , key = lambda x : x [ 'score' ] )","_value <extra_id_0></s> <pad> ( lst , key = lambda x : x [ 'score' ] )","_key <extra_id_0></s> <pad> ( lst , key = lambda x : x [ 'score' ] )","= map <extra_id_0></s> ( lst , key = lambda x : x [ 'score' ] )","= dict <extra_id_0></s> ( lst , key = lambda x : x [ 'score' ] )","s <extra_id_0></s> <pad> <pad> ( lst , key = lambda x : x [ 'score' ] )","_dict <extra_id_0></s> <pad> ( lst , key = lambda x : x [ 'score' ] )","grid <extra_id_0></s> <pad> <pad> ( lst , key = lambda x : x [ 'score' ] )","values <extra_id_0></s> <pad> <pad> ( lst , key = lambda x : x [ 'score' ] )","id <extra_id_0></s> <pad> <pad> ( lst , key = lambda x : x [ 'score' ] )","_score <extra_id_0></s> <pad> ( lst , key = lambda x : x [ 'score' ] )","query <extra_id_0></s> <pad> <pad> ( lst , key = lambda x : x [ 'score' ] )","<extra_id_0></s> <pad> <pad> <pad> ( lst , key = lambda x : x [ 'score' ] )","_index <extra_id_0></s> <pad> ( lst , key = lambda x : x [ 'score' ] )","= list <extra_id_0></s> ( lst , key = lambda x : x [ 'score' ] )","_keys <extra_id_0></s> <pad> ( lst , key = lambda x : x [ 'score' ] )","reverse <extra_id_0></s> <pad> <pad> ( lst , key = lambda x : x [ 'score' ] )","float <extra_id_0></s> <pad> <pad> ( lst , key = lambda x : x [ 'score' ] )"
"pandas . set_option ( 'display.t . index _columns' , 7 )","pandas . set_option ( 'display.t . columns _columns' , 7 )","pandas . set_option ( 'display."""""" ,</s> <pad> <pad> <pad> <pad>_columns' , 7 )","pandas . set_option ( 'display.r . index _columns' , 7 )","pandas . set_option ( 'display.s . index _columns' , 7 )","pandas . set_option ( 'display.r . columns _columns' , 7 )","pandas . set_option ( 'display.s . columns _columns' , 7 )","pandas . set_option ( 'display.<extra_id_0>t . index _columns' , 7 )","pandas . set_option ( 'display.seq . columns _columns' , 7 )","pandas . set_option ( 'display.] . index _columns' , 7 )","pandas . set_option ( 'display.) . index _columns' , 7 )","pandas . set_option ( 'display.t .</s> <pad> <pad> <pad> <pad>_columns' , 7 )","pandas . set_option ( 'display.<extra_id_0>t . columns _columns' , 7 )","pandas . set_option ( 'display.2 ,</s> <pad> <pad> <pad> <pad>_columns' , 7 )","pandas . set_option ( 'display.seq . index _columns' , 7 )","pandas . set_option ( 'display.r. index _columns' , 7 )","pandas . set_option ( 'display.] . columns _columns' , 7 )","pandas . set_option ( 'display.n . index _columns' , 7 )","pandas . set_option ( 'display.np . columns _columns' , 7 )","pandas . set_option ( 'display.t . modules _columns' , 7 )"
"pandas . set_option ( 'display.t . index _columns' , None )","pandas . set_option ( 'display.t . columns _columns' , None )","pandas . set_option ( 'display.r . index _columns' , None )","pandas . set_option ( 'display.r . columns _columns' , None )","pandas . set_option ( 'display.s . index _columns' , None )","pandas . set_option ( 'display."""""" ,</s> <pad> <pad> <pad> <pad>_columns' , None )","pandas . set_option ( 'display._id . index _columns' , None )","pandas . set_option ( 'display.s . columns _columns' , None )","pandas . set_option ( 'display.] . index _columns' , None )","pandas . set_option ( 'display.) . index _columns' , None )","pandas . set_option ( 'display.seq . columns _columns' , None )","pandas . set_option ( 'display.n . index _columns' , None )","pandas . set_option ( 'display._id = False _columns' , None )","pandas . set_option ( 'display.<extra_id_0>t . index _columns' , None )","pandas . set_option ( 'display.r. index _columns' , None )","pandas . set_option ( 'display.d . index _columns' , None )","pandas . set_option ( 'display.i . index _columns' , None )","pandas . set_option ( 'display.<extra_id_0>t . columns _columns' , None )","pandas . set_option ( 'display.seq . index _columns' , None )","pandas . set_option ( 'display.] . columns _columns' , None )"
a . index ( len  ( a ) ),a . index ( list  ( a ) ),a . index ( set  ( a ) ),a . index ( str  ( a ) ),a . index ( map  ( a ) ),a . index ( dict  ( a ) ),a . index ( zip  ( a ) ),a . index ( sum  ( a ) ),a . index ( f  ( a ) ),a . index ( int  ( a ) ),a . index ( next  ( a ) ),a . index ( max  ( a ) ),a . index ( min  ( a ) ),a . index ( type  ( a ) ),a . index ( sorted  ( a ) ),a . index ( *  ( a ) ),a . index ( range  ( a ) ),a . index ( * len  ( a ) ),a . index ( float  ( a ) ),a . index ( d  ( a ) )
"float <extra_id_0></s> <pad> <pad> <pad> <pad> ( list , key = lambda x : float ( 'inf' ) if math . isnan ( x [ 1 ] ) else x [ 1 ] )","lambda x <extra_id_0></s> <pad> <pad> ( list , key = lambda x : float ( 'inf' ) if math . isnan ( x [ 1 ] ) else x [ 1 ] )","_lambda x <extra_id_0></s> <pad> ( list , key = lambda x : float ( 'inf' ) if math . isnan ( x [ 1 ] ) else x [ 1 ] )","= list <extra_id_0></s> <pad> <pad> ( list , key = lambda x : float ( 'inf' ) if math . isnan ( x [ 1 ] ) else x [ 1 ] )","_lambda x <extra_id_0></s> <pad> ( list , key = lambda x : float ( 'inf' ) if math . isnan ( x [ 1 ] ) else x [ 1 ] )",". apply <extra_id_0></s> <pad> ( list , key = lambda x : float ( 'inf' ) if math . isnan ( x [ 1 ] ) else x [ 1 ] )","_index <extra_id_0></s> <pad> <pad> <pad> ( list , key = lambda x : float ( 'inf' ) if math . isnan ( x [ 1 ] ) else x [ 1 ] )","values = list <extra_id_0></s> <pad> ( list , key = lambda x : float ( 'inf' ) if math . isnan ( x [ 1 ] ) else x [ 1 ] )","values = dict <extra_id_0></s> <pad> ( list , key = lambda x : float ( 'inf' ) if math . isnan ( x [ 1 ] ) else x [ 1 ] )","= zip <extra_id_0></s> <pad> <pad> ( list , key = lambda x : float ( 'inf' ) if math . isnan ( x [ 1 ] ) else x [ 1 ] )","values <extra_id_0></s> <pad> <pad> <pad> <pad> ( list , key = lambda x : float ( 'inf' ) if math . isnan ( x [ 1 ] ) else x [ 1 ] )","_dict <extra_id_0></s> <pad> <pad> <pad> ( list , key = lambda x : float ( 'inf' ) if math . isnan ( x [ 1 ] ) else x [ 1 ] )","= map <extra_id_0></s> <pad> <pad> ( list , key = lambda x : float ( 'inf' ) if math . isnan ( x [ 1 ] ) else x [ 1 ] )","r . apply <extra_id_0></s> ( list , key = lambda x : float ( 'inf' ) if math . isnan ( x [ 1 ] ) else x [ 1 ] )","_value <extra_id_0></s> <pad> <pad> <pad> ( list , key = lambda x : float ( 'inf' ) if math . isnan ( x [ 1 ] ) else x [ 1 ] )","s = list <extra_id_0></s> <pad> ( list , key = lambda x : float ( 'inf' ) if math . isnan ( x [ 1 ] ) else x [ 1 ] )","= list <extra_id_0></s> <pad> <pad> ( list , key = lambda x : float ( 'inf' ) if math . isnan ( x [ 1 ] ) else x [ 1 ] )","_index <extra_id_0></s> <pad> <pad> <pad> ( list , key = lambda x : float ( 'inf' ) if math . isnan ( x [ 1 ] ) else x [ 1 ] )","values = map <extra_id_0></s> <pad> ( list , key = lambda x : float ( 'inf' ) if math . isnan ( x [ 1 ] ) else x [ 1 ] )","= dict <extra_id_0></s> <pad> <pad> ( list , key = lambda x : float ( 'inf' ) if math . isnan ( x [ 1 ] ) else x [ 1 ] )"
p . ter</s> <pad> <pad> <pad>ate ( ),p . ter_id</s> <pad>ate ( ),p . terp .</s>ate ( ),p . tert =</s>ate ( ),p . tert .</s>ate ( ),p . terr .</s>ate ( ),"p . ter"""""" ,</s>ate ( )","p . tert ,</s>ate ( )",p . ter_value</s> <pad>ate ( ),p . ter_data</s> <pad>ate ( ),p . ter<extra_id_0>_id</s>ate ( ),"p . ter2 ,</s>ate ( )",p . terr =</s>ate ( ),p . ter_name</s> <pad>ate ( ),p . ter_table</s> <pad>ate ( ),p . ter. id</s>ate ( ),p . terd_id</s>ate ( ),p . terc .</s>ate ( ),p . terts</s> <pad>ate ( ),p . terg .</s>ate ( )
"<extra_id_0></s> <pad> <pad> <pad> ( ld , key = lambda d : d [ 'size' ] )","ed <extra_id_0></s> <pad> <pad> ( ld , key = lambda d : d [ 'size' ] )","apply <extra_id_0></s> <pad> <pad> ( ld , key = lambda d : d [ 'size' ] )","f <extra_id_0></s> <pad> <pad> ( ld , key = lambda d : d [ 'size' ] )","<extra_id_0></s> <pad> <pad> <pad> ( ld , key = lambda d : d [ 'size' ] )","_value <extra_id_0></s> <pad> ( ld , key = lambda d : d [ 'size' ] )","_key <extra_id_0></s> <pad> ( ld , key = lambda d : d [ 'size' ] )","= map <extra_id_0></s> ( ld , key = lambda d : d [ 'size' ] )","= dict <extra_id_0></s> ( ld , key = lambda d : d [ 'size' ] )","_dict <extra_id_0></s> <pad> ( ld , key = lambda d : d [ 'size' ] )","= list <extra_id_0></s> ( ld , key = lambda d : d [ 'size' ] )","query <extra_id_0></s> <pad> <pad> ( ld , key = lambda d : d [ 'size' ] )","_ <extra_id_0></s> <pad> <pad> ( ld , key = lambda d : d [ 'size' ] )","s <extra_id_0></s> <pad> <pad> ( ld , key = lambda d : d [ 'size' ] )","_name <extra_id_0></s> <pad> ( ld , key = lambda d : d [ 'size' ] )","<extra_id_0></s> <pad> <pad> <pad> ( ld , key = lambda d : d [ 'size' ] )","_keys <extra_id_0></s> <pad> ( ld , key = lambda d : d [ 'size' ] )","= str <extra_id_0></s> ( ld , key = lambda d : d [ 'size' ] )",". map <extra_id_0></s> ( ld , key = lambda d : d [ 'size' ] )","_ <extra_id_0></s> <pad> <pad> ( ld , key = lambda d : d [ 'size' ] )"
"= list <extra_id_0></s> <pad> ( enumerate ( a ) , key = lambda x : abs ( x [ 1 ] - 11.5 ) )","_lambda x <extra_id_0></s> ( enumerate ( a ) , key = lambda x : abs ( x [ 1 ] - 11.5 ) )","_dict <extra_id_0></s> <pad> <pad> ( enumerate ( a ) , key = lambda x : abs ( x [ 1 ] - 11.5 ) )","<extra_id_0></s> <pad> <pad> <pad> <pad> ( enumerate ( a ) , key = lambda x : abs ( x [ 1 ] - 11.5 ) )","_index <extra_id_0></s> <pad> <pad> ( enumerate ( a ) , key = lambda x : abs ( x [ 1 ] - 11.5 ) )","= list <extra_id_0></s> <pad> ( enumerate ( a ) , key = lambda x : abs ( x [ 1 ] - 11.5 ) )","= dict <extra_id_0></s> <pad> ( enumerate ( a ) , key = lambda x : abs ( x [ 1 ] - 11.5 ) )","_value <extra_id_0></s> <pad> <pad> ( enumerate ( a ) , key = lambda x : abs ( x [ 1 ] - 11.5 ) )","= list <extra_id_0></s> <pad> ( enumerate ( a ) , key = lambda x : abs ( x [ 1 ] - 11.5 ) )","_dict <extra_id_0></s> <pad> <pad> ( enumerate ( a ) , key = lambda x : abs ( x [ 1 ] - 11.5 ) )","_lambda x <extra_id_0></s> ( enumerate ( a ) , key = lambda x : abs ( x [ 1 ] - 11.5 ) )","= map <extra_id_0></s> <pad> ( enumerate ( a ) , key = lambda x : abs ( x [ 1 ] - 11.5 ) )","_key <extra_id_0></s> <pad> <pad> ( enumerate ( a ) , key = lambda x : abs ( x [ 1 ] - 11.5 ) )","lambda x <extra_id_0></s> <pad> ( enumerate ( a ) , key = lambda x : abs ( x [ 1 ] - 11.5 ) )","values <extra_id_0></s> <pad> <pad> <pad> ( enumerate ( a ) , key = lambda x : abs ( x [ 1 ] - 11.5 ) )","r = list <extra_id_0></s> ( enumerate ( a ) , key = lambda x : abs ( x [ 1 ] - 11.5 ) )","_keys <extra_id_0></s> <pad> <pad> ( enumerate ( a ) , key = lambda x : abs ( x [ 1 ] - 11.5 ) )","ed <extra_id_0></s> <pad> <pad> <pad> ( enumerate ( a ) , key = lambda x : abs ( x [ 1 ] - 11.5 ) )","s <extra_id_0></s> <pad> <pad> <pad> ( enumerate ( a ) , key = lambda x : abs ( x [ 1 ] - 11.5 ) )","values = list <extra_id_0></s> ( enumerate ( a ) , key = lambda x : abs ( x [ 1 ] - 11.5 ) )"
df . loc [ df [ 'Value' ] . idx. index  ( ) ],df . loc [ df [ 'Value' ] . idx_value =  ( ) ],df . loc [ df [ 'Value' ] . idx= df</s> <pad> <pad> <pad> ( ) ],df . loc [ df [ 'Value' ] . idxt =  ( ) ],df . loc [ df [ 'Value' ] . idxd =  ( ) ],df . loc [ df [ 'Value' ] . idxd .</s> <pad> <pad> <pad> <pad> ( ) ],df . loc [ df [ 'Value' ] . idxp . index  ( ) ],df . loc [ df [ 'Value' ] . idx_id =  ( ) ],df . loc [ df [ 'Value' ] . idx[ 0 ]</s> <pad> <pad> <pad> ( ) ],df . loc [ df [ 'Value' ] . idxt . index  ( ) ],df . loc [ df [ 'Value' ] . idxt = df</s> <pad> <pad> ( ) ],df . loc [ df [ 'Value' ] . idx2 . index  ( ) ],df . loc [ df [ 'Value' ] . idx</s> <pad> <pad> <pad> <pad> <pad> <pad> <pad> ( ) ],df . loc [ df [ 'Value' ] . idxd . index  ( ) ],df . loc [ df [ 'Value' ] . idxdf . index  ( ) ],df . loc [ df [ 'Value' ] . idxseq . index  ( ) ],df . loc [ df [ 'Value' ] . idxt_value  ( ) ],df . loc [ df [ 'Value' ] . idx[ 1 ]</s> <pad> <pad> <pad> ( ) ],df . loc [ df [ 'Value' ] . idx2 ]</s> <pad> <pad> <pad> <pad> ( ) ],df . loc [ df [ 'Value' ] . idx2 :</s> <pad> <pad> <pad> <pad> ( ) ]
<extra_id_0></s> <pad> <pad> <pad> <pad> ( test_string . rfind ( i ) for i in '([{' ),_ <extra_id_0></s> <pad> <pad> <pad> ( test_string . rfind ( i ) for i in '([{' ),s <extra_id_0></s> <pad> <pad> <pad> ( test_string . rfind ( i ) for i in '([{' ),f <extra_id_0></s> <pad> <pad> <pad> ( test_string . rfind ( i ) for i in '([{' ),_string <extra_id_0></s> <pad> <pad> ( test_string . rfind ( i ) for i in '([{' ),= str <extra_id_0></s> <pad> ( test_string . rfind ( i ) for i in '([{' ),ter <extra_id_0></s> <pad> <pad> <pad> ( test_string . rfind ( i ) for i in '([{' ),. append <extra_id_0></s> ( test_string . rfind ( i ) for i in '([{' ),. write <extra_id_0></s> <pad> ( test_string . rfind ( i ) for i in '([{' ),_url <extra_id_0></s> <pad> <pad> ( test_string . rfind ( i ) for i in '([{' ),. apply <extra_id_0></s> ( test_string . rfind ( i ) for i in '([{' ),raise <extra_id_0></s> <pad> <pad> ( test_string . rfind ( i ) for i in '([{' ),<extra_id_0></s> <pad> <pad> <pad> ( test_string . rfind ( i ) for i in '([{' ),txt <extra_id_0></s> <pad> <pad> <pad> ( test_string . rfind ( i ) for i in '([{' ),_dict <extra_id_0></s> <pad> <pad> ( test_string . rfind ( i ) for i in '([{' ),_set <extra_id_0></s> <pad> <pad> ( test_string . rfind ( i ) for i in '([{' ),_eval <extra_id_0></s> <pad> <pad> ( test_string . rfind ( i ) for i in '([{' ),attr <extra_id_0></s> <pad> <pad> <pad> ( test_string . rfind ( i ) for i in '([{' ),f = str <extra_id_0></s> ( test_string . rfind ( i ) for i in '([{' ),_iter <extra_id_0></s> <pad> <pad> ( test_string . rfind ( i ) for i in '([{' )
"print ( sum  ( x , key = sum ) )","print ( list  ( x , key = sum ) )","print ( map  ( x , key = sum ) )","print ( len  ( x , key = sum ) )","print ( dict  ( x , key = sum ) )","print ( str  ( x , key = sum ) )","print ( sorted  ( x , key = sum ) )","print ( max  ( x , key = sum ) )","print ( min  ( x , key = sum ) )","print ( set  ( x , key = sum ) )","print ( zip  ( x , key = sum ) )","print ( int  ( x , key = sum ) )","print ( next  ( x , key = sum ) )","print ( f  ( x , key = sum ) )","print ( type  ( x , key = sum ) )","print ( input  ( x , key = sum ) )","print ( count  ( x , key = sum ) )","print ( func  ( x , key = sum ) )","print ( get  ( x , key = sum ) )","print ( float  ( x , key = sum ) )"
"( t - datetime . timedelta ( hours = 1 , u utes = 10 ) )","( t - datetime . timedelta ( hours = 1 , n utes = 10 ) )","( t - datetime . timedelta ( hours = 1 , i utes = 10 ) )","( t - datetime . timedelta ( hours = 1 , y utes = 10 ) )","( t - datetime . timedelta ( hours = 1 , e utes = 10 ) )","( t - datetime . timedelta ( hours = 1 , ext_ utes = 10 ) )","( t - datetime . timedelta ( hours = 1 , 10 ,  utes = 10 ) )","( t - datetime . timedelta ( hours = 1 , t utes = 10 ) )","( t - datetime . timedelta ( hours = 1 , com utes = 10 ) )","( t - datetime . timedelta ( hours = 1 , l utes = 10 ) )","( t - datetime . timedelta ( hours = 1 , 2 ,  utes = 10 ) )","( t - datetime . timedelta ( hours = 1 , exec_ utes = 10 ) )","( t - datetime . timedelta ( hours = 1 , 1 ,  utes = 10 ) )","( t - datetime . timedelta ( hours = 1 , 3 ,  utes = 10 ) )","( t - datetime . timedelta ( hours = 1 , 8 ,  utes = 10 ) )","( t - datetime . timedelta ( hours = 1 , ted_ utes = 10 ) )","( t - datetime . timedelta ( hours = 1 , time_ utes = 10 ) )","( t - datetime . timedelta ( hours = 1 , 6 ,  utes = 10 ) )","( t - datetime . timedelta ( hours = 1 , ing_ utes = 10 ) )","( t - datetime . timedelta ( hours = 1 , index_ utes = 10 ) )"
