"np . . . . .imum ( [ 2 , 3 , 4 ] , [ 1 , 5 , 2 ] )","np . .  imum ( [ 2 , 3 , 4 ] , [ 1 , 5 , 2 ] )","np . . .  imum ( [ 2 , 3 , 4 ] , [ 1 , 5 , 2 ] )","np . . . .  imum ( [ 2 , 3 , 4 ] , [ 1 , 5 , 2 ] )","np . ) ,  imum ( [ 2 , 3 , 4 ] , [ 1 , 5 , 2 ] )","np . . ,  imum ( [ 2 , 3 , 4 ] , [ 1 , 5 , 2 ] )","np . .  imum ( [ 2 , 3 , 4 ] , [ 1 , 5 , 2 ] )","np . .  imum ( [ 2 , 3 , 4 ] , [ 1 , 5 , 2 ] )","np . . ..  imum ( [ 2 , 3 , 4 ] , [ 1 , 5 , 2 ] )","np . ,  imum ( [ 2 , 3 , 4 ] , [ 1 , 5 , 2 ] )","np . ) .  imum ( [ 2 , 3 , 4 ] , [ 1 , 5 , 2 ] )","np . imum ( [ 2 , 3 , 4 ] , [ 1 , 5 , 2 ] )","np . imum ( [ 2 , 3 , 4 ] , [ 1 , 5 , 2 ] )","np . . .  imum ( [ 2 , 3 , 4 ] , [ 1 , 5 , 2 ] )","np . . .. ..imum ( [ 2 , 3 , 4 ] , [ 1 , 5 , 2 ] )","np . .  imum ( [ 2 , 3 , 4 ] , [ 1 , 5 , 2 ] )","np . . .  imum ( [ 2 , 3 , 4 ] , [ 1 , 5 , 2 ] )","np . )  imum ( [ 2 , 3 , 4 ] , [ 1 , 5 , 2 ] )","np . . . . .imum ( [ 2 , 3 , 4 ] , [ 1 , 5 , 2 ] )","np . .  imum ( [ 2 , 3 , 4 ] , [ 1 , 5 , 2 ] )"
". items  ( k for k , v in x . items ( ) if v != 0 )","x . items  ( k for k , v in x . items ( ) if v != 0 )","x  ( k for k , v in x . items ( ) if v != 0 )","x . items  ( k for k , v in x . items ( ) if v != 0 )","x  ( k for k , v in x . items ( ) if v != 0 )",")  ( k for k , v in x . items ( ) if v != 0 )",". items  ( k for k , v in x . items ( ) if v != 0 )","( )  ( k for k , v in x . items ( ) if v != 0 )","0 . items  ( k for k , v in x . items ( ) if v != 0 )","x . items  ( k for k , v in x . items ( ) if v != 0 )","x  ( k for k , v in x . items ( ) if v != 0 )","x  ( k for k , v in x . items ( ) if v != 0 )",". items  ( k for k , v in x . items ( ) if v != 0 )","x . items  ( k for k , v in x . items ( ) if v != 0 )","x in x . items ( k for k , v in x . items ( ) if v != 0 )","x in x  ( k for k , v in x . items ( ) if v != 0 )",".  ( k for k , v in x . items ( ) if v != 0 )","0  ( k for k , v in x . items ( ) if v != 0 )","x , x  ( k for k , v in x . items ( ) if v != 0 )","k . items  ( k for k , v in x . items ( ) if v != 0 )"
". items  ( k for k , v in x . items ( ) if v != 0 )","x . items  ( k for k , v in x . items ( ) if v != 0 )","x  ( k for k , v in x . items ( ) if v != 0 )","x . items  ( k for k , v in x . items ( ) if v != 0 )","x  ( k for k , v in x . items ( ) if v != 0 )",")  ( k for k , v in x . items ( ) if v != 0 )",". items  ( k for k , v in x . items ( ) if v != 0 )","( )  ( k for k , v in x . items ( ) if v != 0 )","0 . items  ( k for k , v in x . items ( ) if v != 0 )","x . items  ( k for k , v in x . items ( ) if v != 0 )","x  ( k for k , v in x . items ( ) if v != 0 )","x  ( k for k , v in x . items ( ) if v != 0 )",". items  ( k for k , v in x . items ( ) if v != 0 )","x . items  ( k for k , v in x . items ( ) if v != 0 )","x in x . items ( k for k , v in x . items ( ) if v != 0 )","x in x  ( k for k , v in x . items ( ) if v != 0 )",".  ( k for k , v in x . items ( ) if v != 0 )","0  ( k for k , v in x . items ( ) if v != 0 )","x , x  ( k for k , v in x . items ( ) if v != 0 )","k . items  ( k for k , v in x . items ( ) if v != 0 )"
"len ( words , key = len  ( words , key = len ) )","len ( words , key  ( words , key = len ) )","len ( words , key =  ( words , key = len ) )","len ( words , key =  ( words , key = len ) )","len ( words , key  ( words , key = len ) )","len ( words , key =  ( words , key = len ) )","len ( key  ( words , key = len ) )","len ( word , key = len  ( words , key = len ) )","len ( words , key =  ( words , key = len ) )","len ( words , key = key  ( words , key = len ) )","len ( meaning , key = len  ( words , key = len ) )","len ( words , key = words  ( words , key = len ) )","len ( words , key  ( words , key = len ) )","len ( words , key = word  ( words , key = len ) )","len ( words , key  ( words , key = len ) )","len ( word , key =  ( words , key = len ) )","len ( word , key  ( words , key = len ) )","len ( key =  ( words , key = len ) )","len ( key =  ( words , key = len ) )","len ( words , key = len ( words , key = len ) )"
"[ 1 ]  ( lis , key = lambda item : item [ 1 ] ) [ 0 ]","[ 1 ] [ 1 ] ( lis , key = lambda item : item [ 1 ] ) [ 0 ]","[ 1 ] )  ( lis , key = lambda item : item [ 1 ] ) [ 0 ]","[ 1 ] ]  ( lis , key = lambda item : item [ 1 ] ) [ 0 ]",":  ( lis , key = lambda item : item [ 1 ] ) [ 0 ]","[ 1 ] ] ] ( lis , key = lambda item : item [ 1 ] ) [ 0 ]",")  ( lis , key = lambda item : item [ 1 ] ) [ 0 ]",") [ 1 ] ]  ( lis , key = lambda item : item [ 1 ] ) [ 0 ]",")  ( lis , key = lambda item : item [ 1 ] ) [ 0 ]","[ 0 ]  ( lis , key = lambda item : item [ 1 ] ) [ 0 ]","[ 1 ]  ( lis , key = lambda item : item [ 1 ] ) [ 0 ]",") [ 1 ] [ 1 ( lis , key = lambda item : item [ 1 ] ) [ 0 ]","[ 1 ] ) [ 1 ( lis , key = lambda item : item [ 1 ] ) [ 0 ]",") [ 1 ]  ( lis , key = lambda item : item [ 1 ] ) [ 0 ]","[ 1 ] )  ( lis , key = lambda item : item [ 1 ] ) [ 0 ]","[ 0 ]  ( lis , key = lambda item : item [ 1 ] ) [ 0 ]","[ 1 ] :  ( lis , key = lambda item : item [ 1 ] ) [ 0 ]","[ 1 ] ]  ( lis , key = lambda item : item [ 1 ] ) [ 0 ]",") [ 1 ]  ( lis , key = lambda item : item [ 1 ] ) [ 0 ]","[ 1 ] )  ( lis , key = lambda item : item [ 1 ] ) [ 0 ]"
"[ 0 ] [ 0 ] ( lis , key = itemgetter ( 1 ) ) [ 0 ]",") [ 0 ] [ 0 ( lis , key = itemgetter ( 1 ) ) [ 0 ]","[ 0 ]  ( lis , key = itemgetter ( 1 ) ) [ 0 ]",")  ( lis , key = itemgetter ( 1 ) ) [ 0 ]","[ 0 ]  ( lis , key = itemgetter ( 1 ) ) [ 0 ]","[ 0 ]  ( lis , key = itemgetter ( 1 ) ) [ 0 ]","(  ( lis , key = itemgetter ( 1 ) ) [ 0 ]",")  ( lis , key = itemgetter ( 1 ) ) [ 0 ]",")  ( lis , key = itemgetter ( 1 ) ) [ 0 ]",":  ( lis , key = itemgetter ( 1 ) ) [ 0 ]",")  ( lis , key = itemgetter ( 1 ) ) [ 0 ]","(  ( lis , key = itemgetter ( 1 ) ) [ 0 ]",")  ( lis , key = itemgetter ( 1 ) ) [ 0 ]",")  ( lis , key = itemgetter ( 1 ) ) [ 0 ]",") (  ( lis , key = itemgetter ( 1 ) ) [ 0 ]",") [ 0 ] [ 0 ( lis , key = itemgetter ( 1 ) ) [ 0 ]",") [ 0 ]  ( lis , key = itemgetter ( 1 ) ) [ 0 ]","] [ 0 ] [ 0 ( lis , key = itemgetter ( 1 ) ) [ 0 ]",")  ( lis , key = itemgetter ( 1 ) ) [ 0 ]",".  ( lis , key = itemgetter ( 1 ) ) [ 0 ]"
"b = models . CharField ( , char _length = 7 , default = '0000000' , editable = False )","b = models . CharField ( data _length = 7 , default = '0000000' , editable = False )","b = models . CharField ( data _length = 7 , default = '0000000' , editable = False )","b = models . CharField ( data _length = 7 , default = '0000000' , editable = False )","b = models . CharField ( , data _length = 7 , default = '0000000' , editable = False )","b = models . CharField ( query _length = 7 , default = '0000000' , editable = False )","b = models . CharField ( data _length = 7 , default = '0000000' , editable = False )","b = models . CharField ( char _length = 7 , default = '0000000' , editable = False )","b = models . CharField ( data _length = 7 , default = '0000000' , editable = False )","b = models . CharField ( ,  _length = 7 , default = '0000000' , editable = False )","b = models . CharField ( query _length = 7 , default = '0000000' , editable = False )","b = models . CharField ( char _length = 7 , default = '0000000' , editable = False )","b = models . CharField ( boolean _length = 7 , default = '0000000' , editable = False )","b = models . CharField ( , model _length = 7 , default = '0000000' , editable = False )","b = models . CharField ( default _length = 7 , default = '0000000' , editable = False )","b = models . CharField ( , class _length = 7 , default = '0000000' , editable = False )","b = models . CharField ( data _length = 7 , default = '0000000' , editable = False )","b = models . CharField ( , boolean _length = 7 , default = '0000000' , editable = False )","b = models . CharField ( void _length = 7 , default = '0000000' , editable = False )","b = models . CharField ( data _length = 7 , default = '0000000' , editable = False )"
matrix  ( [ max ( i ) for i in matrix ] ),[ max ( i )  ( [ max ( i ) for i in matrix ] ),[ max ( i in matrix ( [ max ( i ) for i in matrix ] ),matrix  ( [ max ( i ) for i in matrix ] ),[ max ( i ) for ( [ max ( i ) for i in matrix ] ),i  ( [ max ( i ) for i in matrix ] ),[ i in matrix ] ( [ max ( i ) for i in matrix ] ),matrix  ( [ max ( i ) for i in matrix ] ),( i  ( [ max ( i ) for i in matrix ] ),max ( i in matrix  ( [ max ( i ) for i in matrix ] ),matrix  ( [ max ( i ) for i in matrix ] ),( [ max ( i ) ( [ max ( i ) for i in matrix ] ),i in matrix  ( [ max ( i ) for i in matrix ] ),matrix  ( [ max ( i ) for i in matrix ] ),)  ( [ max ( i ) for i in matrix ] ),i  ( [ max ( i ) for i in matrix ] ),i in matrix  ( [ max ( i ) for i in matrix ] ),max ( i in matrix  ( [ max ( i ) for i in matrix ] ),i in matrix  ( [ max ( i ) for i in matrix ] ),i in matrix  ( [ max ( i ) for i in matrix ] )
"os . system ( 'gnome-ter</s> <pad> <pad> <pad> <pad> <pad> <pad> <pad>al -e \'bash -c ""sudo apt-get update; exec bash""\'' )","os . system ( 'gnome-ter.</s> <pad> <pad> <pad> <pad> <pad> <pad>al -e \'bash -c ""sudo apt-get update; exec bash""\'' )","os . system ( 'gnome-ter) <extra_id_34> ' )al -e \'bash -c ""sudo apt-get update; exec bash""\'' )","os . system ( 'gnome-ter) <extra_id_34> ) )al -e \'bash -c ""sudo apt-get update; exec bash""\'' )","os . system ( 'gnome-ter.</s> <pad> <pad> <pad> <pad> <pad>al -e \'bash -c ""sudo apt-get update; exec bash""\'' )","os . system ( 'gnome-ter) <extra_id_34> ' .al -e \'bash -c ""sudo apt-get update; exec bash""\'' )","os . system ( 'gnome-ter) <extra_id_34> .</s> <pad> <pad>al -e \'bash -c ""sudo apt-get update; exec bash""\'' )","os . system ( 'gnome-ter' <extra_id_51> ' )al -e \'bash -c ""sudo apt-get update; exec bash""\'' )","os . system ( 'gnome-ter<extra_id_0></s> <pad>al -e \'bash -c ""sudo apt-get update; exec bash""\'' )","os . system ( 'gnome-ter) <extra_id_34> ' .'al -e \'bash -c ""sudo apt-get update; exec bash""\'' )","os . system ( 'gnome-ter... <extra_id_34> gnome-ter<extraal -e \'bash -c ""sudo apt-get update; exec bash""\'' )","os . system ( 'gnome-ter) <extra_id_34> ' 'al -e \'bash -c ""sudo apt-get update; exec bash""\'' )","os . system ( 'gnome-ter) <extra_id_34> ' )'al -e \'bash -c ""sudo apt-get update; exec bash""\'' )","os . system ( 'gnome-ter) <extra_id_34> : 'al -e \'bash -c ""sudo apt-get update; exec bash""\'' )","os . system ( 'gnome-ter) <extra_id_34> ' :al -e \'bash -c ""sudo apt-get update; exec bash""\'' )","os . system ( 'gnome-ter) <extra_id_34> . bash -al -e \'bash -c ""sudo apt-get update; exec bash""\'' )","os . system ( 'gnome-ter)</s> <pad> <pad> <pad> <pad> <pad> <pad>al -e \'bash -c ""sudo apt-get update; exec bash""\'' )","os . system ( 'gnome-ter) <extra_id_34> ' ,al -e \'bash -c ""sudo apt-get update; exec bash""\'' )","os . system ( 'gnome-ter) <extra_id_34><extra_id_0al -e \'bash -c ""sudo apt-get update; exec bash""\'' )","os . system ( 'gnome-ter»帻 ... <extra_id_3>...㘏tdal -e \'bash -c ""sudo apt-get update; exec bash""\'' )"
"max ( x . max  ( ) , x . max ( ) , key = abs )","max ( x . max  ( ) , x . max ( ) , key = abs )","max ( x . max  ( ) , x . max ( ) , key = abs )","max ( x . max  ( ) , x . max ( ) , key = abs )","max ( x . max  ( ) , x . max ( ) , key = abs )","max ( x . max  ( ) , x . max ( ) , key = abs )","max ( x . max  ( ) , x . max ( ) , key = abs )","max ( x . max  ( ) , x . max ( ) , key = abs )","max ( x . max  ( ) , x . max ( ) , key = abs )","max ( x . min  ( ) , x . max ( ) , key = abs )","max ( x . max  ( ) , x . max ( ) , key = abs )","max ( x . max  ( ) , x . max ( ) , key = abs )","max ( x . max  ( ) , x . max ( ) , key = abs )","max ( x . max  ( ) , x . max ( ) , key = abs )","max ( x . min  ( ) , x . max ( ) , key = abs )","max ( x . max  ( ) , x . max ( ) , key = abs )","max ( x . max  ( ) , x . max ( ) , key = abs )","max ( x . max  ( ) , x . max ( ) , key = abs )","max ( x . avg  ( ) , x . max ( ) , key = abs )","max ( x . max  ( ) , x . max ( ) , key = abs )"
"datetime . datetime . combine ( my_date , datetime . time . datetime  )","datetime . datetime . combine ( my_date , datetime . time . datetime  )","datetime . datetime . combine ( my_date , datetime . time . datetime  )","datetime . datetime . combine ( my_date , datetime . time . datetime  )","datetime . datetime . combine ( my_date , datetime . time . datetime  )","datetime . datetime . combine ( my_date , datetime . time . datetime  )","datetime . datetime . combine ( my_date , datetime . time . datetime . time  )","datetime . datetime . combine ( my_date , datetime . time . datetime . datetime  )","datetime . datetime . combine ( my_date , datetime . time . datetime  )","datetime . datetime . combine ( my_date , datetime . time . time . time  )","datetime . datetime . combine ( my_date , datetime . time . datetime  )","datetime . datetime . combine ( my_date , datetime . time . datetime  )","datetime . datetime . combine ( my_date , datetime . time . datetime .  )","datetime . datetime . combine ( my_date , datetime . time . date . time  )","datetime . datetime . combine ( my_date , datetime . time . time . time . time  )","datetime . datetime . combine ( my_date , datetime . time . datetime  )","datetime . datetime . combine ( my_date , datetime . time . datetime . datetime  )","datetime . datetime . combine ( my_date , datetime . time . datetime  )","datetime . datetime . combine ( my_date , datetime . time . datetime . date  )","datetime . datetime . combine ( my_date , datetime . time . datetime  )"
"a [ np . arg</s> <pad> <pad> <pad> <pad> <pad> <pad> <pad> ( a [ : , ( 1 ) ] ) ]","a [ np . arg) )))</s> <pad> ( a [ : , ( 1 ) ] ) ]","a [ np . arg) ) ))) ( a [ : , ( 1 ) ] ) ]","a [ np . arg) )) )) ( a [ : , ( 1 ) ] ) ]","a [ np . arg) ))</s> <pad> <pad> <pad> ( a [ : , ( 1 ) ] ) ]","a [ np . arg) ) ))</s> <pad> ( a [ : , ( 1 ) ] ) ]","a [ np . arg) ) ()) <extra_id_3> ( a [ : , ( 1 ) ] ) ]","a [ np . arg( )ловна ) <extra_id_34></s> ( a [ : , ( 1 ) ] ) ]","a [ np . arg) ) <extra_id_3></s> <pad> <pad> ( a [ : , ( 1 ) ] ) ]","a [ np . arg) ) )) <extra_id_48> ( a [ : , ( 1 ) ] ) ]","a [ np . arg) ) ) <extra_id_3></s> ( a [ : , ( 1 ) ] ) ]","a [ np . arg) )) <extra_id_51> : ( a [ : , ( 1 ) ] ) ]","a [ np . arg) ) )) <extra_id_46> ( a [ : , ( 1 ) ] ) ]","a [ np . arg. ( )ловна ) <extra_id_34> ( a [ : , ( 1 ) ] ) ]","a [ np . arg.</s> <pad> <pad> <pad> <pad> <pad> <pad> ( a [ : , ( 1 ) ] ) ]","a [ np . arg) ) <extra_id_36></s> <pad> <pad> <pad> ( a [ : , ( 1 ) ] ) ]","a [ np . arg]</s> <pad> <pad> <pad> <pad> <pad> <pad> ( a [ : , ( 1 ) ] ) ]","a [ np . arg) )) <extra_id_51> . ( a [ : , ( 1 ) ] ) ]","a [ np . arg) )) ()) ( a [ : , ( 1 ) ] ) ]","a [ np . arg( )ловна )) <extra_id_3> ( a [ : , ( 1 ) ] ) ]"
"print ( x ) :  ( d , key = lambda x : ( d [ x ] [ 'salary' ] , d [ x ] [ 'bonus' ] ) ) )","print ( x :  ( d , key = lambda x : ( d [ x ] [ 'salary' ] , d [ x ] [ 'bonus' ] ) ) )","print ( d ) :  ( d , key = lambda x : ( d [ x ] [ 'salary' ] , d [ x ] [ 'bonus' ] ) ) )","print ( d , key = lambda ( d , key = lambda x : ( d [ x ] [ 'salary' ] , d [ x ] [ 'bonus' ] ) ) )","print ( :  ( d , key = lambda x : ( d [ x ] [ 'salary' ] , d [ x ] [ 'bonus' ] ) ) )","print ( ) :  ( d , key = lambda x : ( d [ x ] [ 'salary' ] , d [ x ] [ 'bonus' ] ) ) )","print ( d :  ( d , key = lambda x : ( d [ x ] [ 'salary' ] , d [ x ] [ 'bonus' ] ) ) )","print ( x :  ( d , key = lambda x : ( d [ x ] [ 'salary' ] , d [ x ] [ 'bonus' ] ) ) )","print ( d , key =  ( d , key = lambda x : ( d [ x ] [ 'salary' ] , d [ x ] [ 'bonus' ] ) ) )","print ( d , key =  ( d , key = lambda x : ( d [ x ] [ 'salary' ] , d [ x ] [ 'bonus' ] ) ) )","print ( :  ( d , key = lambda x : ( d [ x ] [ 'salary' ] , d [ x ] [ 'bonus' ] ) ) )","print ( x )  ( d , key = lambda x : ( d [ x ] [ 'salary' ] , d [ x ] [ 'bonus' ] ) ) )","print ( d ) :  ( d , key = lambda x : ( d [ x ] [ 'salary' ] , d [ x ] [ 'bonus' ] ) ) )","print ( x  ( d , key = lambda x : ( d [ x ] [ 'salary' ] , d [ x ] [ 'bonus' ] ) ) )","print ( )  ( d , key = lambda x : ( d [ x ] [ 'salary' ] , d [ x ] [ 'bonus' ] ) ) )","print ( x , key =  ( d , key = lambda x : ( d [ x ] [ 'salary' ] , d [ x ] [ 'bonus' ] ) ) )","print ( x :  ( d , key = lambda x : ( d [ x ] [ 'salary' ] , d [ x ] [ 'bonus' ] ) ) )","print ( d ) ) :  ( d , key = lambda x : ( d [ x ] [ 'salary' ] , d [ x ] [ 'bonus' ] ) ) )","print ( x ) :  ( d , key = lambda x : ( d [ x ] [ 'salary' ] , d [ x ] [ 'bonus' ] ) ) )","print ( d )  ( d , key = lambda x : ( d [ x ] [ 'salary' ] , d [ x ] [ 'bonus' ] ) ) )"
"np . array ( [ np . arange ( 3 ) , np . arange ( 2 , -1 , -1 ) , np . ones ( ( 3 , ) ) ] ) . )  ( axis = 0 )","np . array ( [ np . arange ( 3 ) , np . arange ( 2 , -1 , -1 ) , np . ones ( ( 3 , ) ) ] ) . )  ( axis = 0 )","np . array ( [ np . arange ( 3 ) , np . arange ( 2 , -1 , -1 ) , np . ones ( ( 3 , ) ) ] ) . )  ( axis = 0 )","np . array ( [ np . arange ( 3 ) , np . arange ( 2 , -1 , -1 ) , np . ones ( ( 3 , ) ) ] ) . )  ( axis = 0 )","np . array ( [ np . arange ( 3 ) , np . arange ( 2 , -1 , -1 ) , np . ones ( ( 3 , ) ) ] ) . )  ( axis = 0 )","np . array ( [ np . arange ( 3 ) , np . arange ( 2 , -1 , -1 ) , np . ones ( ( 3 , ) ) ] ) . )  ( axis = 0 )","np . array ( [ np . arange ( 3 ) , np . arange ( 2 , -1 , -1 ) , np . ones ( ( 3 , ) ) ] ) . np  ( axis = 0 )","np . array ( [ np . arange ( 3 ) , np . arange ( 2 , -1 , -1 ) , np . ones ( ( 3 , ) ) ] ) . )  ( axis = 0 )","np . array ( [ np . arange ( 3 ) , np . arange ( 2 , -1 , -1 ) , np . ones ( ( 3 , ) ) ] ) . )  ( axis = 0 )","np . array ( [ np . arange ( 3 ) , np . arange ( 2 , -1 , -1 ) , np . ones ( ( 3 , ) ) ] ) . )  ( axis = 0 )","np . array ( [ np . arange ( 3 ) , np . arange ( 2 , -1 , -1 ) , np . ones ( ( 3 , ) ) ] ) . ) .  ( axis = 0 )","np . array ( [ np . arange ( 3 ) , np . arange ( 2 , -1 , -1 ) , np . ones ( ( 3 , ) ) ] ) . )  ( axis = 0 )","np . array ( [ np . arange ( 3 ) , np . arange ( 2 , -1 , -1 ) , np . ones ( ( 3 , ) ) ] ) . )  ( axis = 0 )","np . array ( [ np . arange ( 3 ) , np . arange ( 2 , -1 , -1 ) , np . ones ( ( 3 , ) ) ] ) . ) .  ( axis = 0 )","np . array ( [ np . arange ( 3 ) , np . arange ( 2 , -1 , -1 ) , np . ones ( ( 3 , ) ) ] ) . )  ( axis = 0 )","np . array ( [ np . arange ( 3 ) , np . arange ( 2 , -1 , -1 ) , np . ones ( ( 3 , ) ) ] ) . ) .  ( axis = 0 )","np . array ( [ np . arange ( 3 ) , np . arange ( 2 , -1 , -1 ) , np . ones ( ( 3 , ) ) ] ) . ) , np ( axis = 0 )","np . array ( [ np . arange ( 3 ) , np . arange ( 2 , -1 , -1 ) , np . ones ( ( 3 , ) ) ] ) . )  ( axis = 0 )","np . array ( [ np . arange ( 3 ) , np . arange ( 2 , -1 , -1 ) , np . ones ( ( 3 , ) ) ] ) . )  ( axis = 0 )","np . array ( [ np . arange ( 3 ) , np . arange ( 2 , -1 , -1 ) , np . ones ( ( 3 , ) ) ] ) . ) . )  ( axis = 0 )"
")  ( d , key = lambda x : d [ x ] [ 'count' ] )",")  ( d , key = lambda x : d [ x ] [ 'count' ] )",")  ( d , key = lambda x : d [ x ] [ 'count' ] )",")  ( d , key = lambda x : d [ x ] [ 'count' ] )","( d , key )  ( d , key = lambda x : d [ x ] [ 'count' ] )",")  ( d , key = lambda x : d [ x ] [ 'count' ] )","lambda  ( d , key = lambda x : d [ x ] [ 'count' ] )","d , key = lambda ( d , key = lambda x : d [ x ] [ 'count' ] )",") [ x ]  ( d , key = lambda x : d [ x ] [ 'count' ] )","lambda  ( d , key = lambda x : d [ x ] [ 'count' ] )",")  ( d , key = lambda x : d [ x ] [ 'count' ] )",")  ( d , key = lambda x : d [ x ] [ 'count' ] )","lambda x :  ( d , key = lambda x : d [ x ] [ 'count' ] )",") ) )  ( d , key = lambda x : d [ x ] [ 'count' ] )",") )  ( d , key = lambda x : d [ x ] [ 'count' ] )",") ) )  ( d , key = lambda x : d [ x ] [ 'count' ] )","(  ( d , key = lambda x : d [ x ] [ 'count' ] )",") )  ( d , key = lambda x : d [ x ] [ 'count' ] )",")  ( d , key = lambda x : d [ x ] [ 'count' ] )",")  ( d , key = lambda x : d [ x ] [ 'count' ] )"
df . columns [ df . columns  ( ) >  0 ],df . columns [ df . columns  ( ) >  0 ],df . columns [ df . columns  ( ) >  0 ],df . columns [ df . columns  ( ) >  0 ],df . columns [ df . columns  ( ) >  0 ],df . columns [ df . columns  ( ) >  0 ],df . columns [ df . columns  ( ) >  0 ],df . columns [ df . columns  ( ) >  0 ],df . columns [ df . columns  ( ) >  0 ],df . columns [ df . columns  ( ) >  0 ],df . columns [ df . columns  ( ) >  0 ],df . columns [ df . columns  ( ) >  0 ],df . columns [ df . columns  ( ) >  0 ],df . columns [ df . columns  ( ) >  0 ],df . columns [ df . columns  ( ) >  0 ],df . columns [ df . columns  ( ) >  0 ],df . columns [ df . columns  ( ) >  0 ],df . columns [ df . columns  ( ) >  0 ],df . columns [ df . columns ] [  ( ) >  0 ],df . columns [ df . rows  ( ) >  0 ]
"print ( 1 , 2 , 3 ( 1 , 2 , 3 ) )","print ( 1 , 2 , 3  ( 1 , 2 , 3 ) )","print ( 1  ( 1 , 2 , 3 ) )","print ( 1  ( 1 , 2 , 3 ) )","print ( 1 )  ( 1 , 2 , 3 ) )","print ( 2 , 2 , 3  ( 1 , 2 , 3 ) )","print ( )  ( 1 , 2 , 3 ) )","print ( 2 , 2 , 3 ( 1 , 2 , 3 ) )","print ( 2  ( 1 , 2 , 3 ) )","print ( )  ( 1 , 2 , 3 ) )","print ( 2 , 3 )  ( 1 , 2 , 3 ) )","print ( ,  ( 1 , 2 , 3 ) )","print ( 1 , 2, 3 )  ( 1 , 2 , 3 ) )","print ( 2 , 3 ) ) ( 1 , 2 , 3 ) )","print ( )  ( 1 , 2 , 3 ) )","print ( -  ( 1 , 2 , 3 ) )","print ( 1  ( 1 , 2 , 3 ) )","print ( 1 , 2, 3 ) ( 1 , 2 , 3 ) )","print ( 1 )  ( 1 , 2 , 3 ) )","print ( 1  ( 1 , 2 , 3 ) )"
[ [ len  ( len ( str ( x ) ) for x in line ) for line in zip ( * foo ) ],[ [ len  ( len ( str ( x ) ) for x in line ) for line in zip ( * foo ) ],[ [ zip  ( len ( str ( x ) ) for x in line ) for line in zip ( * foo ) ],[ [ len  ( len ( str ( x ) ) for x in line ) for line in zip ( * foo ) ],[ [zip  ( len ( str ( x ) ) for x in line ) for line in zip ( * foo ) ],[ [ [  ( len ( str ( x ) ) for x in line ) for line in zip ( * foo ) ],[ [ [  ( len ( str ( x ) ) for x in line ) for line in zip ( * foo ) ],[ [ *  ( len ( str ( x ) ) for x in line ) for line in zip ( * foo ) ],[ [ *  ( len ( str ( x ) ) for x in line ) for line in zip ( * foo ) ],[ [ * foo  ( len ( str ( x ) ) for x in line ) for line in zip ( * foo ) ],[ [ line  ( len ( str ( x ) ) for x in line ) for line in zip ( * foo ) ],[ * foo  ( len ( str ( x ) ) for x in line ) for line in zip ( * foo ) ],[ [ * foo  ( len ( str ( x ) ) for x in line ) for line in zip ( * foo ) ],[ [ x  ( len ( str ( x ) ) for x in line ) for line in zip ( * foo ) ],[ [ * foo  ( len ( str ( x ) ) for x in line ) for line in zip ( * foo ) ],[ [ [ len  ( len ( str ( x ) ) for x in line ) for line in zip ( * foo ) ],[ [ in zip  ( len ( str ( x ) ) for x in line ) for line in zip ( * foo ) ],[ [ foo  ( len ( str ( x ) ) for x in line ) for line in zip ( * foo ) ],[ [ string  ( len ( str ( x ) ) for x in line ) for line in zip ( * foo ) ],[ [ * foo  ( len ( str ( x ) ) for x in line ) for line in zip ( * foo ) ]
_list  ( [ x for x in num_list if x >  2 ] ),)  ( [ x for x in num_list if x >  2 ] ),x  ( [ x for x in num_list if x >  2 ] ),_list  ( [ x for x in num_list if x >  2 ] ),)  ( [ x for x in num_list if x >  2 ] ),[ num_list for num_list ( [ x for x in num_list if x >  2 ] ),_list  ( [ x for x in num_list if x >  2 ] ),list for num_list for num_ ( [ x for x in num_list if x >  2 ] ),)  ( [ x for x in num_list if x >  2 ] ),]  ( [ x for x in num_list if x >  2 ] ),x for x in num_ ( [ x for x in num_list if x >  2 ] ),list  ( [ x for x in num_list if x >  2 ] ),[ x for num_list  ( [ x for x in num_list if x >  2 ] ),list  ( [ x for x in num_list if x >  2 ] ),x  ( [ x for x in num_list if x >  2 ] ),x for num_list  ( [ x for x in num_list if x >  2 ] ),list  ( [ x for x in num_list if x >  2 ] ),_list  ( [ x for x in num_list if x >  2 ] ),[ num_list in num_list ( [ x for x in num_list if x >  2 ] ),:  ( [ x for x in num_list if x >  2 ] )
":  ( dicts , key = lambda x : ( abs ( 1.77672955975 - x [ 'ratio' ] ) , - x [ 'pixels' ] ) )",":  ( dicts , key = lambda x : ( abs ( 1.77672955975 - x [ 'ratio' ] ) , - x [ 'pixels' ] ) )","x :  ( dicts , key = lambda x : ( abs ( 1.77672955975 - x [ 'ratio' ] ) , - x [ 'pixels' ] ) )","x :  ( dicts , key = lambda x : ( abs ( 1.77672955975 - x [ 'ratio' ] ) , - x [ 'pixels' ] ) )","x :  ( dicts , key = lambda x : ( abs ( 1.77672955975 - x [ 'ratio' ] ) , - x [ 'pixels' ] ) )",":  ( dicts , key = lambda x : ( abs ( 1.77672955975 - x [ 'ratio' ] ) , - x [ 'pixels' ] ) )",":  ( dicts , key = lambda x : ( abs ( 1.77672955975 - x [ 'ratio' ] ) , - x [ 'pixels' ] ) )",":  ( dicts , key = lambda x : ( abs ( 1.77672955975 - x [ 'ratio' ] ) , - x [ 'pixels' ] ) )","lambda x :  ( dicts , key = lambda x : ( abs ( 1.77672955975 - x [ 'ratio' ] ) , - x [ 'pixels' ] ) )",":  ( dicts , key = lambda x : ( abs ( 1.77672955975 - x [ 'ratio' ] ) , - x [ 'pixels' ] ) )",") :  ( dicts , key = lambda x : ( abs ( 1.77672955975 - x [ 'ratio' ] ) , - x [ 'pixels' ] ) )","x :  ( dicts , key = lambda x : ( abs ( 1.77672955975 - x [ 'ratio' ] ) , - x [ 'pixels' ] ) )",")  ( dicts , key = lambda x : ( abs ( 1.77672955975 - x [ 'ratio' ] ) , - x [ 'pixels' ] ) )","x  ( dicts , key = lambda x : ( abs ( 1.77672955975 - x [ 'ratio' ] ) , - x [ 'pixels' ] ) )",":  ( dicts , key = lambda x : ( abs ( 1.77672955975 - x [ 'ratio' ] ) , - x [ 'pixels' ] ) )",")  ( dicts , key = lambda x : ( abs ( 1.77672955975 - x [ 'ratio' ] ) , - x [ 'pixels' ] ) )",":  ( dicts , key = lambda x : ( abs ( 1.77672955975 - x [ 'ratio' ] ) , - x [ 'pixels' ] ) )",":  ( dicts , key = lambda x : ( abs ( 1.77672955975 - x [ 'ratio' ] ) , - x [ 'pixels' ] ) )",":  ( dicts , key = lambda x : ( abs ( 1.77672955975 - x [ 'ratio' ] ) , - x [ 'pixels' ] ) )",") :  ( dicts , key = lambda x : ( abs ( 1.77672955975 - x [ 'ratio' ] ) , - x [ 'pixels' ] ) )"
arr [ arr != 0 ] . .  ( ),arr [ arr != 0 ] . .  ( ),arr [ arr != 0 ] . (  ( ),arr [ arr != 0 ] . ( ) .  ( ),arr [ arr != 0 ] . ( )  ( ),arr [ arr != 0 ] . (  ( ),arr [ arr != 0 ] . (  ( ),arr [ arr != 0 ] . ( )  ( ),arr [ arr != 0 ] . .  ( ),arr [ arr != 0 ] . (  ( ),arr [ arr != 0 ] . ( )  ( ),arr [ arr != 0 ] . (  ( ),arr [ arr != 0 ] . . (  ( ),arr [ arr != 0 ] . .  ( ),arr [ arr != 0 ] . .  ( ),arr [ arr != 0 ] . ( ) . (  ( ),arr [ arr != 0 ] . ( ) .  ( ),arr [ arr != 0 ] . ( ) . ( ) ( ),arr [ arr != 0 ] . . .  ( ),arr [ arr != 0 ] . (  ( )
"[ 1 ]  ( alkaline_earth_values , key = lambda x : x [ 1 ] )",")  ( alkaline_earth_values , key = lambda x : x [ 1 ] )",": x [ 1 ] ( alkaline_earth_values , key = lambda x : x [ 1 ] )","[ 1 ]  ( alkaline_earth_values , key = lambda x : x [ 1 ] )","[ 1 ] [ 1 ] ( alkaline_earth_values , key = lambda x : x [ 1 ] )",")  ( alkaline_earth_values , key = lambda x : x [ 1 ] )",")  ( alkaline_earth_values , key = lambda x : x [ 1 ] )","x [ 1 ] ] ( alkaline_earth_values , key = lambda x : x [ 1 ] )",": x [ 1 ]  ( alkaline_earth_values , key = lambda x : x [ 1 ] )","x [ 1 ]  ( alkaline_earth_values , key = lambda x : x [ 1 ] )",")  ( alkaline_earth_values , key = lambda x : x [ 1 ] )",") [ 1 ]  ( alkaline_earth_values , key = lambda x : x [ 1 ] )","[ 1 ] ]  ( alkaline_earth_values , key = lambda x : x [ 1 ] )","[ 1 ] ]  ( alkaline_earth_values , key = lambda x : x [ 1 ] )","[ 1 ] ]  ( alkaline_earth_values , key = lambda x : x [ 1 ] )","[ 1 ] ] ] ( alkaline_earth_values , key = lambda x : x [ 1 ] )","x : x  ( alkaline_earth_values , key = lambda x : x [ 1 ] )",")  ( alkaline_earth_values , key = lambda x : x [ 1 ] )",") )  ( alkaline_earth_values , key = lambda x : x [ 1 ] )",") ) )  ( alkaline_earth_values , key = lambda x : x [ 1 ] )"
df . groupby ( df . index . map ( lambda t : t . ute ) ),df . groupby ( df . index . map ( lambda t : t . (  ute ) ),df . groupby ( df . index . map ( lambda t : t . ute ) ),df . groupby ( df . index . map ( lambda t : t . e ute ) ),df . groupby ( df . index . map ( lambda t : t . ute ) ),df . groupby ( df . index . map ( lambda t : t . a ute ) ),df . groupby ( df . index . map ( lambda t : t . (  ute ) ),df . groupby ( df . index . map ( lambda t : t . t  ute ) ),df . groupby ( df . index . map ( lambda t : t . (  ute ) ),df . groupby ( df . index . map ( lambda t : t . (  ute ) ),df . groupby ( df . index . map ( lambda t : t . ute ) ),df . groupby ( df . index . map ( lambda t : t . (  ute ) ),df . groupby ( df . index . map ( lambda t : t . t .  ute ) ),df . groupby ( df . index . map ( lambda t : t . (  ute ) ),df . groupby ( df . index . map ( lambda t : t . (  ute ) ),df . groupby ( df . index . map ( lambda t : t . .  ute ) ),df . groupby ( df . index . map ( lambda t : t . t :  ute ) ),df . groupby ( df . index . map ( lambda t : t . (  ute ) ),df . groupby ( df . index . map ( lambda t : t . ute ) ),df . groupby ( df . index . map ( lambda t : t . ( e ute ) )
"max ( my_value  ( my_value , max_value ) , min_value )","max ( my_value  ( my_value , max_value ) , min_value )","max ( my_value  ( my_value , max_value ) , min_value )","max ( my_value  ( my_value , max_value ) , min_value )","max ( my_value  ( my_value , max_value ) , min_value )","max ( my_value  ( my_value , max_value ) , min_value )","max ( my_value  ( my_value , max_value ) , min_value )","max ( my_value , min_value ( my_value , max_value ) , min_value )","max ( -  ( my_value , max_value ) , min_value )","max ( my_value  ( my_value , max_value ) , min_value )","max ( my_value ,  ( my_value , max_value ) , min_value )","max ( my_value  ( my_value , max_value ) , min_value )","max ( my_value ,  ( my_value , max_value ) , min_value )","max ( my_value , max_value ( my_value , max_value ) , min_value )","max ( my_value )  ( my_value , max_value ) , min_value )","max ( my_value  ( my_value , max_value ) , min_value )","max ( my_value  ( my_value , max_value ) , min_value )","max ( my_value , min  ( my_value , max_value ) , min_value )","max ( my_value  ( my_value , max_value ) , min_value )","max ( values  ( my_value , max_value ) , min_value )"
"(  ( list ( MyCount . keys ( ) ) , key = int )",")  ( list ( MyCount . keys ( ) ) , key = int )","(  ( list ( MyCount . keys ( ) ) , key = int )",")  ( list ( MyCount . keys ( ) ) , key = int )","(  ( list ( MyCount . keys ( ) ) , key = int )",",  ( list ( MyCount . keys ( ) ) , key = int )","(  ( list ( MyCount . keys ( ) ) , key = int )","(  ( list ( MyCount . keys ( ) ) , key = int )","(  ( list ( MyCount . keys ( ) ) , key = int )","(  ( list ( MyCount . keys ( ) ) , key = int )",".  ( list ( MyCount . keys ( ) ) , key = int )","(  ( list ( MyCount . keys ( ) ) , key = int )",",  ( list ( MyCount . keys ( ) ) , key = int )",":  ( list ( MyCount . keys ( ) ) , key = int )","(  ( list ( MyCount . keys ( ) ) , key = int )","( )  ( list ( MyCount . keys ( ) ) , key = int )",":  ( list ( MyCount . keys ( ) ) , key = int )",".  ( list ( MyCount . keys ( ) ) , key = int )","(  ( list ( MyCount . keys ( ) ) , key = int )",")  ( list ( MyCount . keys ( ) ) , key = int )"
"[ len  ( abs ( x ) for x in arr [ i : i + 4 ] ) for i in range ( 0 , len ( arr ) , 4 ) ]","[ 0 , len  ( abs ( x ) for x in arr [ i : i + 4 ] ) for i in range ( 0 , len ( arr ) , 4 ) ]","[ 0 , len  ( abs ( x ) for x in arr [ i : i + 4 ] ) for i in range ( 0 , len ( arr ) , 4 ) ]","[ 0 , len  ( abs ( x ) for x in arr [ i : i + 4 ] ) for i in range ( 0 , len ( arr ) , 4 ) ]","[ x  ( abs ( x ) for x in arr [ i : i + 4 ] ) for i in range ( 0 , len ( arr ) , 4 ) ]","[ 0 , len  ( abs ( x ) for x in arr [ i : i + 4 ] ) for i in range ( 0 , len ( arr ) , 4 ) ]","[ 0 , len  ( abs ( x ) for x in arr [ i : i + 4 ] ) for i in range ( 0 , len ( arr ) , 4 ) ]","[ 0 , len  ( abs ( x ) for x in arr [ i : i + 4 ] ) for i in range ( 0 , len ( arr ) , 4 ) ]","[ i  ( abs ( x ) for x in arr [ i : i + 4 ] ) for i in range ( 0 , len ( arr ) , 4 ) ]","[ 0 , len  ( abs ( x ) for x in arr [ i : i + 4 ] ) for i in range ( 0 , len ( arr ) , 4 ) ]","[ i  ( abs ( x ) for x in arr [ i : i + 4 ] ) for i in range ( 0 , len ( arr ) , 4 ) ]","[ x  ( abs ( x ) for x in arr [ i : i + 4 ] ) for i in range ( 0 , len ( arr ) , 4 ) ]","[ 0 , len  ( abs ( x ) for x in arr [ i : i + 4 ] ) for i in range ( 0 , len ( arr ) , 4 ) ]","[ 0 , len  ( abs ( x ) for x in arr [ i : i + 4 ] ) for i in range ( 0 , len ( arr ) , 4 ) ]","[ 0 , len  ( abs ( x ) for x in arr [ i : i + 4 ] ) for i in range ( 0 , len ( arr ) , 4 ) ]","[ i in range  ( abs ( x ) for x in arr [ i : i + 4 ] ) for i in range ( 0 , len ( arr ) , 4 ) ]","[ 0 , len  ( abs ( x ) for x in arr [ i : i + 4 ] ) for i in range ( 0 , len ( arr ) , 4 ) ]","[ x  ( abs ( x ) for x in arr [ i : i + 4 ] ) for i in range ( 0 , len ( arr ) , 4 ) ]","[ i  ( abs ( x ) for x in arr [ i : i + 4 ] ) for i in range ( 0 , len ( arr ) , 4 ) ]","[ x  ( abs ( x ) for x in arr [ i : i + 4 ] ) for i in range ( 0 , len ( arr ) , 4 ) ]"
"max _item = max ( a_list , key = operator . itemgetter ( 1 ) )",") ) ) )_item = max ( a_list , key = operator . itemgetter ( 1 ) )","a _item = max ( a_list , key = operator . itemgetter ( 1 ) )","a _item = max ( a_list , key = operator . itemgetter ( 1 ) )",") . a _item = max ( a_list , key = operator . itemgetter ( 1 ) )",". a _item = max ( a_list , key = operator . itemgetter ( 1 ) )",". max _item = max ( a_list , key = operator . itemgetter ( 1 ) )","a _item = max ( a_list , key = operator . itemgetter ( 1 ) )",", a _item = max ( a_list , key = operator . itemgetter ( 1 ) )","a _item = max ( a_list , key = operator . itemgetter ( 1 ) )",") , a _item = max ( a_list , key = operator . itemgetter ( 1 ) )",". a _item = max ( a_list , key = operator . itemgetter ( 1 ) )",", a _item = max ( a_list , key = operator . itemgetter ( 1 ) )","a _item = max ( a_list , key = operator . itemgetter ( 1 ) )",") . a _item = max ( a_list , key = operator . itemgetter ( 1 ) )",") . max _item = max ( a_list , key = operator . itemgetter ( 1 ) )",") ) a _item = max ( a_list , key = operator . itemgetter ( 1 ) )",") . a _item = max ( a_list , key = operator . itemgetter ( 1 ) )","max _item = max ( a_list , key = operator . itemgetter ( 1 ) )","max_item , max _item = max ( a_list , key = operator . itemgetter ( 1 ) )"
")  ( a_list , key = operator . itemgetter ( 1 ) )",")  ( a_list , key = operator . itemgetter ( 1 ) )",".  ( a_list , key = operator . itemgetter ( 1 ) )",")  ( a_list , key = operator . itemgetter ( 1 ) )",". item = operator  ( a_list , key = operator . itemgetter ( 1 ) )",".  ( a_list , key = operator . itemgetter ( 1 ) )",".  ( a_list , key = operator . itemgetter ( 1 ) )",")  ( a_list , key = operator . itemgetter ( 1 ) )",")  ( a_list , key = operator . itemgetter ( 1 ) )",")  ( a_list , key = operator . itemgetter ( 1 ) )",")  ( a_list , key = operator . itemgetter ( 1 ) )","a_list  ( a_list , key = operator . itemgetter ( 1 ) )",".  ( a_list , key = operator . itemgetter ( 1 ) )","item  ( a_list , key = operator . itemgetter ( 1 ) )","item  ( a_list , key = operator . itemgetter ( 1 ) )",") .  ( a_list , key = operator . itemgetter ( 1 ) )","= operator  ( a_list , key = operator . itemgetter ( 1 ) )","( 1 )  ( a_list , key = operator . itemgetter ( 1 ) )","item = operator  ( a_list , key = operator . itemgetter ( 1 ) )","a_list  ( a_list , key = operator . itemgetter ( 1 ) )"
"pandas . read_csv ( filename , sep = '\t' , lineter</s> <pad> <pad> <pad> <pad> <pad> <pad> <pad>ator = '\r' )","pandas . read_csv ( filename , sep = '\t' , lineter) ))))</s>ator = '\r' )","pandas . read_csv ( filename , sep = '\t' , lineter)) )))</s>ator = '\r' )","pandas . read_csv ( filename , sep = '\t' , lineter.</s> <pad> <pad> <pad> <pad> <pad> <pad>ator = '\r' )","pandas . read_csv ( filename , sep = '\t' , lineter)</s> <pad> <pad> <pad> <pad> <pad> <pad>ator = '\r' )","pandas . read_csv ( filename , sep = '\t' , lineter) )))</s> <pad>ator = '\r' )","pandas . read_csv ( filename , sep = '\t' , lineter) <extra_id_10>) ) )ator = '\r' )","pandas . read_csv ( filename , sep = '\t' , lineter))</s> <pad> <pad> <pad> <pad>ator = '\r' )","pandas . read_csv ( filename , sep = '\t' , lineter) <extra_id_37> . <extra_id_10> .ator = '\r' )","pandas . read_csv ( filename , sep = '\t' , lineter.</s> <pad> <pad> <pad> <pad> <pad>ator = '\r' )","pandas . read_csv ( filename , sep = '\t' , lineter) ) )))ator = '\r' )","pandas . read_csv ( filename , sep = '\t' , lineter)) )) <extra_id_10></s>ator = '\r' )","pandas . read_csv ( filename , sep = '\t' , lineter) )) ))ator = '\r' )","pandas . read_csv ( filename , sep = '\t' , lineter) </s> <pad> <pad> <pad> <pad>ator = '\r' )","pandas . read_csv ( filename , sep = '\t' , lineter.) <extra_id_10>) ) )ator = '\r' )","pandas . read_csv ( filename , sep = '\t' , lineter. ) .ловна <extra_id_49>ator = '\r' )","pandas . read_csv ( filename , sep = '\t' , lineter))) ))</s>ator = '\r' )","pandas . read_csv ( filename , sep = '\t' , lineter) ))))</s> <pad>ator = '\r' )","pandas . read_csv ( filename , sep = '\t' , lineter) ()) <extra_id_10>)ator = '\r' )","pandas . read_csv ( filename , sep = '\t' , lineter) <extra_id_10>) ) ),ator = '\r' )"
webbrowser . open ( 'http://somesite.com/ad.</s> <pad> <pad> <pad> <pad> <pad> <pad>panel/index.php' ),webbrowser . open ( 'http://somesite.com/ad</s> <pad> <pad> <pad> <pad> <pad> <pad> <pad>panel/index.php' ),webbrowser . open ( 'http://somesite.com/ad.</s> <pad> <pad> <pad> <pad> <pad>panel/index.php' ),webbrowser . open ( 'http://somesite.com/ad) <extra_id_10>) ) )panel/index.php' ),webbrowser . open ( 'http://somesite.com/ad) <extra_id_10> . .panel/index.php' ),webbrowser . open ( 'http://somesite.com/ad(extra_id_0>panel/panel/index.php' ),webbrowser . open ( 'http://somesite.com/ad) <extra_id_9> . .panel/index.php' ),webbrowser . open ( 'http://somesite.com/ad<extra_id_0>panel/panel/index.php' ),webbrowser . open ( 'http://somesite.com/ad(extra_id_0>panel</s>panel/index.php' ),webbrowser . open ( 'http://somesite.com/ad<extra_id_0>panel</s>panel/index.php' ),webbrowser . open ( 'http://somesite.com/ad) <extra_id_10> ) )panel/index.php' ),webbrowser . open ( 'http://somesite.com/ad) <extra_id_10>> ) )panel/index.php' ),webbrowser . open ( 'http://somesite.com/ad<extra_id_0>panel</s>panel/index.php' ),webbrowser . open ( 'http://somesite.com/ad) )))</s> <pad>panel/index.php' ),webbrowser . open ( 'http://somesite.com/ad(extra_id__0>panelpanel/index.php' ),webbrowser . open ( 'http://somesite.com/ad<extra_id_0>panel/panel/index.php' ),webbrowser . open ( 'http://somesite.com/ad) <extra_id_9>) ) )panel/index.php' ),webbrowser . open ( 'http://somesite.com/ad) <extra_id_10></s> <pad> <pad> <pad> <pad>panel/index.php' ),webbrowser . open ( 'http://somesite.com/adhttp://somesite.com/adpanel/index.php' ),webbrowser . open ( 'http://somesite.com/ad\extra_id_0>panel</s>panel/index.php' )
"lambda x : abs  ( myList , key = lambda x : abs ( x - myNumber ) )",": abs  ( myList , key = lambda x : abs ( x - myNumber ) )",": abs  ( myList , key = lambda x : abs ( x - myNumber ) )",": abs  ( myList , key = lambda x : abs ( x - myNumber ) )",": abs  ( myList , key = lambda x : abs ( x - myNumber ) )",": abs  ( myList , key = lambda x : abs ( x - myNumber ) )",": abs  ( myList , key = lambda x : abs ( x - myNumber ) )","x : abs  ( myList , key = lambda x : abs ( x - myNumber ) )",": abs  ( myList , key = lambda x : abs ( x - myNumber ) )",": abs  ( myList , key = lambda x : abs ( x - myNumber ) )",": abs  ( myList , key = lambda x : abs ( x - myNumber ) )",": abs  ( myList , key = lambda x : abs ( x - myNumber ) )",": abs  ( myList , key = lambda x : abs ( x - myNumber ) )",": abs  ( myList , key = lambda x : abs ( x - myNumber ) )",": lambda x : ( myList , key = lambda x : abs ( x - myNumber ) )",": abs  ( myList , key = lambda x : abs ( x - myNumber ) )",": abs  ( myList , key = lambda x : abs ( x - myNumber ) )","lambda  ( myList , key = lambda x : abs ( x - myNumber ) )",")  ( myList , key = lambda x : abs ( x - myNumber ) )",": abs  ( myList , key = lambda x : abs ( x - myNumber ) )"
( len  ( len ( word ) for word in i ),( len  ( len ( word ) for word in i ),( len ( word ) for word ( len ( word ) for word in i ),( len  ( len ( word ) for word in i ),( len ( word )  ( len ( word ) for word in i ),i  ( len ( word ) for word in i ),( len  ( len ( word ) for word in i ),)  ( len ( word ) for word in i ),( len  ( len ( word ) for word in i ),( word ) for word  ( len ( word ) for word in i ),( word  ( len ( word ) for word in i ),( len )  ( len ( word ) for word in i ),( len  ( len ( word ) for word in i ),( len  ( len ( word ) for word in i ),i  ( len ( word ) for word in i ),( len )  ( len ( word ) for word in i ),i  ( len ( word ) for word in i ),( len  ( len ( word ) for word in i ),( word )  ( len ( word ) for word in i ),( len )  ( len ( word ) for word in i )
"len ( i , key =  ( i , key = len ) )","len ( , key =  ( i , key = len ) )","len ( key =  ( i , key = len ) )","len ( i , key = len ( i , key = len ) )","len ( key =  ( i , key = len ) )","len ( i =  ( i , key = len ) )","len ( i = len  ( i , key = len ) )","len ( key = len , key ( i , key = len ) )","len ( key = len  ( i , key = len ) )","len ( i  ( i , key = len ) )","len ( i =  ( i , key = len ) )","len ( , key = len  ( i , key = len ) )","len ( key = len  ( i , key = len ) )","len ( , key =  ( i , key = len ) )","len ( , key = len  ( i , key = len ) )","len ( =  ( i , key = len ) )","len ( key =  ( i , key = len ) )","len ( i , key  ( i , key = len ) )","len ( key =  ( i , key = len ) )","len ( key =  ( i , key = len ) )"
"d . apply ( lambda row : -  ( [ row [ 'A' ] , row [ 'B' ] ] ) - row [ 'C' ] , axis = 1 )","d . apply ( lambda row : row [ 'A' ( [ row [ 'A' ] , row [ 'B' ] ] ) - row [ 'C' ] , axis = 1 )","d . apply ( lambda row : axis  ( [ row [ 'A' ] , row [ 'B' ] ] ) - row [ 'C' ] , axis = 1 )","d . apply ( lambda row : row  ( [ row [ 'A' ] , row [ 'B' ] ] ) - row [ 'C' ] , axis = 1 )","d . apply ( lambda row : axis = 1  ( [ row [ 'A' ] , row [ 'B' ] ] ) - row [ 'C' ] , axis = 1 )","d . apply ( lambda row : )  ( [ row [ 'A' ] , row [ 'B' ] ] ) - row [ 'C' ] , axis = 1 )","d . apply ( lambda row : -  ( [ row [ 'A' ] , row [ 'B' ] ] ) - row [ 'C' ] , axis = 1 )","d . apply ( lambda row : =  ( [ row [ 'A' ] , row [ 'B' ] ] ) - row [ 'C' ] , axis = 1 )","d . apply ( lambda row : - row  ( [ row [ 'A' ] , row [ 'B' ] ] ) - row [ 'C' ] , axis = 1 )","d . apply ( lambda row : row  ( [ row [ 'A' ] , row [ 'B' ] ] ) - row [ 'C' ] , axis = 1 )","d . apply ( lambda row : -  ( [ row [ 'A' ] , row [ 'B' ] ] ) - row [ 'C' ] , axis = 1 )","d . apply ( lambda row : -  ( [ row [ 'A' ] , row [ 'B' ] ] ) - row [ 'C' ] , axis = 1 )","d . apply ( lambda row : :  ( [ row [ 'A' ] , row [ 'B' ] ] ) - row [ 'C' ] , axis = 1 )","d . apply ( lambda row : ,  ( [ row [ 'A' ] , row [ 'B' ] ] ) - row [ 'C' ] , axis = 1 )","d . apply ( lambda row : x  ( [ row [ 'A' ] , row [ 'B' ] ] ) - row [ 'C' ] , axis = 1 )","d . apply ( lambda row : lambda  ( [ row [ 'A' ] , row [ 'B' ] ] ) - row [ 'C' ] , axis = 1 )","d . apply ( lambda row : - row [ 'A ( [ row [ 'A' ] , row [ 'B' ] ] ) - row [ 'C' ] , axis = 1 )","d . apply ( lambda row : lambda row  ( [ row [ 'A' ] , row [ 'B' ] ] ) - row [ 'C' ] , axis = 1 )","d . apply ( lambda row : -  ( [ row [ 'A' ] , row [ 'B' ] ] ) - row [ 'C' ] , axis = 1 )","d . apply ( lambda row : axis =  ( [ row [ 'A' ] , row [ 'B' ] ] ) - row [ 'C' ] , axis = 1 )"
"quadmesh . set_clim ( v</s> <pad> <pad> <pad> <pad> <pad> <pad> <pad> = 0 , vmax = 15 )","quadmesh . set_clim ( v.</s> <pad> <pad> <pad> <pad> <pad> = 0 , vmax = 15 )","quadmesh . set_clim ( v.</s> <pad> <pad> <pad> <pad> <pad> <pad> = 0 , vmax = 15 )","quadmesh . set_clim ( v<extra_id_0> = = 0 , vmax = 15 )","quadmesh . set_clim ( v) <extra_id_36> . <extra_id_10> . = 0 , vmax = 15 )","quadmesh . set_clim ( v) )))</s> <pad> = 0 , vmax = 15 )","quadmesh . set_clim ( v) </s> <pad> <pad> <pad> <pad> = 0 , vmax = 15 )","quadmesh . set_clim ( v) <extra_id_36> . <extra_id_10> <extra = 0 , vmax = 15 )","quadmesh . set_clim ( v) <extra_id_36> . <extra_id_10><extra = 0 , vmax = 15 )","quadmesh . set_clim ( v<extra_id_0> = = 0 , vmax = 15 )","quadmesh . set_clim ( v))</s> <pad> <pad> <pad> <pad> = 0 , vmax = 15 )","quadmesh . set_clim ( v) <extra_id_37> .</s> <pad> <pad> = 0 , vmax = 15 )","quadmesh . set_clim ( v) <extra_id_36> . <extra_id_10> , = 0 , vmax = 15 )","quadmesh . set_clim ( v. ).;""></s> <pad> <pad> = 0 , vmax = 15 )","quadmesh . set_clim ( v) <extra_id_36> . <extra_id_10> - = 0 , vmax = 15 )","quadmesh . set_clim ( v) ) ))) = 0 , vmax = 15 )","quadmesh . set_clim ( v) ))))</s> = 0 , vmax = 15 )","quadmesh . set_clim ( v) <extra_id_34> . set_c = 0 , vmax = 15 )","quadmesh . set_clim ( v. ) .;""></s> <pad> = 0 , vmax = 15 )","quadmesh . set_clim ( v) .;""></s> <pad> <pad> = 0 , vmax = 15 )"
"df . groupby ( [ 'col5' , 'col2' ] ) . size ( ) . groupby ( level = 1 ) . size  ( )","df . groupby ( [ 'col5' , 'col2' ] ) . size ( ) . groupby ( level = 1 ) . size  ( )","df . groupby ( [ 'col5' , 'col2' ] ) . size ( ) . groupby ( level = 1 ) . groupby  ( )","df . groupby ( [ 'col5' , 'col2' ] ) . size ( ) . groupby ( level = 1 ) . size  ( )","df . groupby ( [ 'col5' , 'col2' ] ) . size ( ) . groupby ( level = 1 ) . size  ( )","df . groupby ( [ 'col5' , 'col2' ] ) . size ( ) . groupby ( level = 1 ) . size ( ) . size  ( )","df . groupby ( [ 'col5' , 'col2' ] ) . size ( ) . groupby ( level = 1 ) . groupby ( level = 1 ( )","df . groupby ( [ 'col5' , 'col2' ] ) . size ( ) . groupby ( level = 1 ) . size  ( )","df . groupby ( [ 'col5' , 'col2' ] ) . size ( ) . groupby ( level = 1 ) . groupby ( ) . size ( )","df . groupby ( [ 'col5' , 'col2' ] ) . size ( ) . groupby ( level = 1 ) . size  ( )","df . groupby ( [ 'col5' , 'col2' ] ) . size ( ) . groupby ( level = 1 ) . length  ( )","df . groupby ( [ 'col5' , 'col2' ] ) . size ( ) . groupby ( level = 1 ) . size  ( )","df . groupby ( [ 'col5' , 'col2' ] ) . size ( ) . groupby ( level = 1 ) . size  ( )","df . groupby ( [ 'col5' , 'col2' ] ) . size ( ) . groupby ( level = 1 ) . groupby  ( )","df . groupby ( [ 'col5' , 'col2' ] ) . size ( ) . groupby ( level = 1 ) . groupby  ( )","df . groupby ( [ 'col5' , 'col2' ] ) . size ( ) . groupby ( level = 1 ) . groupby  ( )","df . groupby ( [ 'col5' , 'col2' ] ) . size ( ) . groupby ( level = 1 ) . . size  ( )","df . groupby ( [ 'col5' , 'col2' ] ) . size ( ) . groupby ( level = 1 ) . depth  ( )","df . groupby ( [ 'col5' , 'col2' ] ) . size ( ) . groupby ( level = 1 ) . spacing  ( )","df . groupby ( [ 'col5' , 'col2' ] ) . size ( ) . groupby ( level = 1 ) . size  ( )"
"[ 1 ]  ( enumerate ( a ) , key = lambda x : x [ 1 ] ) [ 0 ]","[ 1 ] [ 1 ] ( enumerate ( a ) , key = lambda x : x [ 1 ] ) [ 0 ]","[ 1 ]  ( enumerate ( a ) , key = lambda x : x [ 1 ] ) [ 0 ]","[ 0 ]  ( enumerate ( a ) , key = lambda x : x [ 1 ] ) [ 0 ]","[ 0 ]  ( enumerate ( a ) , key = lambda x : x [ 1 ] ) [ 0 ]","[ 0 ]  ( enumerate ( a ) , key = lambda x : x [ 1 ] ) [ 0 ]",":  ( enumerate ( a ) , key = lambda x : x [ 1 ] ) [ 0 ]","(  ( enumerate ( a ) , key = lambda x : x [ 1 ] ) [ 0 ]",")  ( enumerate ( a ) , key = lambda x : x [ 1 ] ) [ 0 ]",":  ( enumerate ( a ) , key = lambda x : x [ 1 ] ) [ 0 ]","[ 1 ] ]  ( enumerate ( a ) , key = lambda x : x [ 1 ] ) [ 0 ]",")  ( enumerate ( a ) , key = lambda x : x [ 1 ] ) [ 0 ]","(  ( enumerate ( a ) , key = lambda x : x [ 1 ] ) [ 0 ]","[ 1 ] , key  ( enumerate ( a ) , key = lambda x : x [ 1 ] ) [ 0 ]",") [ 1 ] ] ( enumerate ( a ) , key = lambda x : x [ 1 ] ) [ 0 ]","[ 0 ] [ 1 ] ( enumerate ( a ) , key = lambda x : x [ 1 ] ) [ 0 ]","[ 0 ] [ 0 ] ( enumerate ( a ) , key = lambda x : x [ 1 ] ) [ 0 ]","x  ( enumerate ( a ) , key = lambda x : x [ 1 ] ) [ 0 ]","(  ( enumerate ( a ) , key = lambda x : x [ 1 ] ) [ 0 ]",")  ( enumerate ( a ) , key = lambda x : x [ 1 ] ) [ 0 ]"
"np . ma . array ( np . tile ( arr , 2 ) . reshape ( 2 , 3 ) , mask = ~ cond ) . arg)</s> <pad> <pad> <pad> <pad> <pad> ( axis = 1 )","np . ma . array ( np . tile ( arr , 2 ) . reshape ( 2 , 3 ) , mask = ~ cond ) . arg</s> <pad> <pad> <pad> <pad> <pad> <pad> <pad> ( axis = 1 )","np . ma . array ( np . tile ( arr , 2 ) . reshape ( 2 , 3 ) , mask = ~ cond ) . arg.</s> <pad> <pad> <pad> <pad> <pad> ( axis = 1 )","np . ma . array ( np . tile ( arr , 2 ) . reshape ( 2 , 3 ) , mask = ~ cond ) . arg) . <extra_id_8></s> <pad> <pad> ( axis = 1 )","np . ma . array ( np . tile ( arr , 2 ) . reshape ( 2 , 3 ) , mask = ~ cond ) . arg) . <extra_id_49> np ( axis = 1 )","np . ma . array ( np . tile ( arr , 2 ) . reshape ( 2 , 3 ) , mask = ~ cond ) . arg.</s> <pad> <pad> <pad> <pad> <pad> <pad> ( axis = 1 )","np . ma . array ( np . tile ( arr , 2 ) . reshape ( 2 , 3 ) , mask = ~ cond ) . arg) . <extra_id_49> ) ( axis = 1 )","np . ma . array ( np . tile ( arr , 2 ) . reshape ( 2 , 3 ) , mask = ~ cond ) . arg= ~ cond ) <extra_id_10> ( axis = 1 )","np . ma . array ( np . tile ( arr , 2 ) . reshape ( 2 , 3 ) , mask = ~ cond ) . arg= ~ cond ) ( axis = 1 )","np . ma . array ( np . tile ( arr , 2 ) . reshape ( 2 , 3 ) , mask = ~ cond ) . arg) . <extra_id_49> . ma ( axis = 1 )","np . ma . array ( np . tile ( arr , 2 ) . reshape ( 2 , 3 ) , mask = ~ cond ) . arg) . <extra_id_49> . ( axis = 1 )","np . ma . array ( np . tile ( arr , 2 ) . reshape ( 2 , 3 ) , mask = ~ cond ) . arg)</s> <pad> <pad> <pad> <pad> <pad> <pad> ( axis = 1 )","np . ma . array ( np . tile ( arr , 2 ) . reshape ( 2 , 3 ) , mask = ~ cond ) . arg) . <extra_id_49> np</s> ( axis = 1 )","np . ma . array ( np . tile ( arr , 2 ) . reshape ( 2 , 3 ) , mask = ~ cond ) . arg<extra_id_0></s> <pad> ( axis = 1 )","np . ma . array ( np . tile ( arr , 2 ) . reshape ( 2 , 3 ) , mask = ~ cond ) . arg) . <extra_id_52> ) . ( axis = 1 )","np . ma . array ( np . tile ( arr , 2 ) . reshape ( 2 , 3 ) , mask = ~ cond ) . arg) . <extra_id_52> np</s> ( axis = 1 )","np . ma . array ( np . tile ( arr , 2 ) . reshape ( 2 , 3 ) , mask = ~ cond ) . arg) . <extra_id_49> ) . ( axis = 1 )","np . ma . array ( np . tile ( arr , 2 ) . reshape ( 2 , 3 ) , mask = ~ cond ) . arg) ) ) ) ( axis = 1 )","np . ma . array ( np . tile ( arr , 2 ) . reshape ( 2 , 3 ) , mask = ~ cond ) . arg) ,ловна. <extra_id_52> ( axis = 1 )","np . ma . array ( np . tile ( arr , 2 ) . reshape ( 2 , 3 ) , mask = ~ cond ) . argnp</s> <pad> <pad> <pad> <pad> ( axis = 1 )"
")  ( lst , key = lambda x : x [ 'score' ] )",")  ( lst , key = lambda x : x [ 'score' ] )",")  ( lst , key = lambda x : x [ 'score' ] )",") )  ( lst , key = lambda x : x [ 'score' ] )",")  ( lst , key = lambda x : x [ 'score' ] )",")  ( lst , key = lambda x : x [ 'score' ] )",") ) )  ( lst , key = lambda x : x [ 'score' ] )","lst , key  ( lst , key = lambda x : x [ 'score' ] )","[ 'score' ]  ( lst , key = lambda x : x [ 'score' ] )",") :  ( lst , key = lambda x : x [ 'score' ] )",")  ( lst , key = lambda x : x [ 'score' ] )",")  ( lst , key = lambda x : x [ 'score' ] )",") ) )  ( lst , key = lambda x : x [ 'score' ] )",") )  ( lst , key = lambda x : x [ 'score' ] )",")  ( lst , key = lambda x : x [ 'score' ] )","x : x  ( lst , key = lambda x : x [ 'score' ] )","lst , key  ( lst , key = lambda x : x [ 'score' ] )",") ) ) ) ( lst , key = lambda x : x [ 'score' ] )",") )  ( lst , key = lambda x : x [ 'score' ] )","lst  ( lst , key = lambda x : x [ 'score' ] )"
"pandas . set_option ( 'display.</s> <pad> <pad> <pad> <pad> <pad> <pad> <pad>_columns' , 7 )","pandas . set_option ( 'display..</s> <pad> <pad> <pad> <pad> <pad> <pad>_columns' , 7 )","pandas . set_option ( 'display.) <extra_id_37> . <extra_id_34> ._columns' , 7 )","pandas . set_option ( 'display..</s> <pad> <pad> <pad> <pad> <pad>_columns' , 7 )","pandas . set_option ( 'display.</extra_id_0></s> <pad>_columns' , 7 )","pandas . set_option ( 'display.) <extra_id_36> . <extra_id_34> ._columns' , 7 )","pandas . set_option ( 'display.) <extra_id_34> . set_option_columns' , 7 )","pandas . set_option ( 'display.) <extra_id_37> . <extra_id_34> ,_columns' , 7 )","pandas . set_option ( 'display.) <extra_id_37> . <extra_id_34> (_columns' , 7 )","pandas . set_option ( 'display.) <extra_id_36> . <extra_id_37> ._columns' , 7 )","pandas . set_option ( 'display.) <extra_id_37> . <extra_id_34>._columns' , 7 )","pandas . set_option ( 'display.)</s> <pad> <pad> <pad> <pad> <pad> <pad>_columns' , 7 )","pandas . set_option ( 'display., 7 ) <extra_id_34> ._columns' , 7 )","pandas . set_option ( 'display.) <extra_id_36> . <extra_id_36> ._columns' , 7 )","pandas . set_option ( 'display.) <extra_id_36> . <extra_id_12> ._columns' , 7 )","pandas . set_option ( 'display.) </s> <pad> <pad> <pad> <pad>_columns' , 7 )","pandas . set_option ( 'display.) <extra_id_37> . <extra_id_34> -_columns' , 7 )","pandas . set_option ( 'display.) )))</s> <pad>_columns' , 7 )","pandas . set_option ( 'display.) <extra_id_36> . <extra_id_10> ._columns' , 7 )","pandas . set_option ( 'display., 7 ) <extra_id_34> ,_columns' , 7 )"
"pandas . set_option ( 'display.</s> <pad> <pad> <pad> <pad> <pad> <pad> <pad>_columns' , None )","pandas . set_option ( 'display..</s> <pad> <pad> <pad> <pad> <pad> <pad>_columns' , None )","pandas . set_option ( 'display.) )))</s> <pad>_columns' , None )","pandas . set_option ( 'display.) <extra_id_37> .</s> <pad> <pad>_columns' , None )","pandas . set_option ( 'display.) <extra_id_36> .</s> <pad> <pad>_columns' , None )","pandas . set_option ( 'display.) ) )))_columns' , None )","pandas . set_option ( 'display.)</s> <pad> <pad> <pad> <pad> <pad> <pad>_columns' , None )","pandas . set_option ( 'display..) <extra_id_10>.eeee_columns' , None )","pandas . set_option ( 'display.) ))))</s>_columns' , None )","pandas . set_option ( 'display.) )) <extra_id_46> ._columns' , None )","pandas . set_option ( 'display.) <extra_id_36> ) )_columns' , None )","pandas . set_option ( 'display.</extra_id_0></s> <pad>_columns' , None )","pandas . set_option ( 'display..).;""></s> <pad> <pad> <pad>_columns' , None )","pandas . set_option ( 'display.) <extra_id_34> . set_option_columns' , None )","pandas . set_option ( 'display.) )) <extra_id_48> ._columns' , None )","pandas . set_option ( 'display.) <extra_id_36> ) ._columns' , None )","pandas . set_option ( 'display..) <extra_id_10>. 注)_columns' , None )","pandas . set_option ( 'display.))</s> <pad> <pad> <pad> <pad>_columns' , None )","pandas . set_option ( 'display.) <extra_id_37> ) ._columns' , None )","pandas . set_option ( 'display..) <extra_id_10>) ) )_columns' , None )"
a . index ( a  ( a ) ),a . index ( index  ( a ) ),a . index ( a  ( a ) ),a . index ( a  ( a ) ),a . index ( a  ( a ) ),a . index ( a .  ( a ) ),a . index ( a . index  ( a ) ),a . index ( )  ( a ) ),a . index ( a  ( a ) ),a . index ( a )  ( a ) ),a . index ( a . index  ( a ) ),a . index ( a . index  ( a ) ),a . index ( a  ( a ) ),a . index ( a  ( a ) ),a . index ( a ) . index ( a ) ),a . index ( a . index  ( a ) ),a . index ( ) (  ( a ) ),a . index ( index  ( a ) ),a . index ( a  ( a ) ),a . index ( a  ( a ) )
"x [ 1 ] ) ( list , key = lambda x : float ( 'inf' ) if math . isnan ( x [ 1 ] ) else x [ 1 ] )","x [ 1 ] : ( list , key = lambda x : float ( 'inf' ) if math . isnan ( x [ 1 ] ) else x [ 1 ] )","float  ( list , key = lambda x : float ( 'inf' ) if math . isnan ( x [ 1 ] ) else x [ 1 ] )","isnan  ( list , key = lambda x : float ( 'inf' ) if math . isnan ( x [ 1 ] ) else x [ 1 ] )","( x [ 1 ] ( list , key = lambda x : float ( 'inf' ) if math . isnan ( x [ 1 ] ) else x [ 1 ] )","float  ( list , key = lambda x : float ( 'inf' ) if math . isnan ( x [ 1 ] ) else x [ 1 ] )","float  ( list , key = lambda x : float ( 'inf' ) if math . isnan ( x [ 1 ] ) else x [ 1 ] )","isnan  ( list , key = lambda x : float ( 'inf' ) if math . isnan ( x [ 1 ] ) else x [ 1 ] )","float  ( list , key = lambda x : float ( 'inf' ) if math . isnan ( x [ 1 ] ) else x [ 1 ] )","x : float  ( list , key = lambda x : float ( 'inf' ) if math . isnan ( x [ 1 ] ) else x [ 1 ] )",")  ( list , key = lambda x : float ( 'inf' ) if math . isnan ( x [ 1 ] ) else x [ 1 ] )","x [ 1 ]  ( list , key = lambda x : float ( 'inf' ) if math . isnan ( x [ 1 ] ) else x [ 1 ] )","isnan  ( list , key = lambda x : float ( 'inf' ) if math . isnan ( x [ 1 ] ) else x [ 1 ] )",": x [ 1 ] ( list , key = lambda x : float ( 'inf' ) if math . isnan ( x [ 1 ] ) else x [ 1 ] )","isnan  ( list , key = lambda x : float ( 'inf' ) if math . isnan ( x [ 1 ] ) else x [ 1 ] )",": float  ( list , key = lambda x : float ( 'inf' ) if math . isnan ( x [ 1 ] ) else x [ 1 ] )","x [ 1 ] ): ( list , key = lambda x : float ( 'inf' ) if math . isnan ( x [ 1 ] ) else x [ 1 ] )","x [ 1 ]  ( list , key = lambda x : float ( 'inf' ) if math . isnan ( x [ 1 ] ) else x [ 1 ] )","x [ 1 ] )  ( list , key = lambda x : float ( 'inf' ) if math . isnan ( x [ 1 ] ) else x [ 1 ] )","isnan ( x [ 1 ( list , key = lambda x : float ( 'inf' ) if math . isnan ( x [ 1 ] ) else x [ 1 ] )"
p . ter</s> <pad> <pad> <pad> <pad> <pad> <pad> <pad>ate ( ),p . ter.) <extra_id_10>.ららا bulunduate ( ),p . ter) <extra_id_10>.らら次次اate ( ),p . ter.</s> <pad> <pad> <pad> <pad> <pad> <pad>ate ( ),p . ter.) <extra_id_10>.らら <extra_id_51>eate ( ),p . ter) <extra_id_10>eらeらាらate ( ),p . ter) <extra_id_10>eらesೆ bulundu bulunduate ( ),p . ter.) <extra_id_10>.らరిا燊ate ( ),p . ter) <extra_id_10>aeeeeотate ( ),p . ter) <extra_id_10>aeeeeでate ( ),p . ter.) <extra_id_10>.らら <extra_id_10>esate ( ),"p . ter.,ловна <extra_id_12></s> <pad> <pad> <pad>ate ( )",p . ter.) <extra_id_10>.らら次らate ( ),"p . ter) <extra_id_10>eら,らe bulunduate ( )",p . ter.) <extra_id_10>.らら <extra_id_11>esate ( ),p . ter) <extra_id_10>eらで <extra_id_10>esотate ( ),"p . ter) <extra_id_10>eらয় ,らate ( )",p . ter.) <extra_id_10>.ららاを変更ate ( ),p . ter) <extra_id_10>eらで <extra_id_10>eらate ( ),p . ter) <extra_id_10>eらeらరిាate ( )
")  ( ld , key = lambda d : d [ 'size' ] )",")  ( ld , key = lambda d : d [ 'size' ] )",")  ( ld , key = lambda d : d [ 'size' ] )",")  ( ld , key = lambda d : d [ 'size' ] )","ld  ( ld , key = lambda d : d [ 'size' ] )","ld  ( ld , key = lambda d : d [ 'size' ] )",")  ( ld , key = lambda d : d [ 'size' ] )","d  ( ld , key = lambda d : d [ 'size' ] )",") )  ( ld , key = lambda d : d [ 'size' ] )",")  ( ld , key = lambda d : d [ 'size' ] )","ld  ( ld , key = lambda d : d [ 'size' ] )","ld  ( ld , key = lambda d : d [ 'size' ] )",")  ( ld , key = lambda d : d [ 'size' ] )","ld , key  ( ld , key = lambda d : d [ 'size' ] )","ld , key = d ( ld , key = lambda d : d [ 'size' ] )","d  ( ld , key = lambda d : d [ 'size' ] )","ld  ( ld , key = lambda d : d [ 'size' ] )","ld = ld  ( ld , key = lambda d : d [ 'size' ] )",") ) )  ( ld , key = lambda d : d [ 'size' ] )","ld  ( ld , key = lambda d : d [ 'size' ] )"
")  ( enumerate ( a ) , key = lambda x : abs ( x [ 1 ] - 11.5 ) )",")  ( enumerate ( a ) , key = lambda x : abs ( x [ 1 ] - 11.5 ) )",")  ( enumerate ( a ) , key = lambda x : abs ( x [ 1 ] - 11.5 ) )",")  ( enumerate ( a ) , key = lambda x : abs ( x [ 1 ] - 11.5 ) )",")  ( enumerate ( a ) , key = lambda x : abs ( x [ 1 ] - 11.5 ) )","(  ( enumerate ( a ) , key = lambda x : abs ( x [ 1 ] - 11.5 ) )",")  ( enumerate ( a ) , key = lambda x : abs ( x [ 1 ] - 11.5 ) )",")  ( enumerate ( a ) , key = lambda x : abs ( x [ 1 ] - 11.5 ) )",")  ( enumerate ( a ) , key = lambda x : abs ( x [ 1 ] - 11.5 ) )","( abs  ( enumerate ( a ) , key = lambda x : abs ( x [ 1 ] - 11.5 ) )",")  ( enumerate ( a ) , key = lambda x : abs ( x [ 1 ] - 11.5 ) )","( )  ( enumerate ( a ) , key = lambda x : abs ( x [ 1 ] - 11.5 ) )",",  ( enumerate ( a ) , key = lambda x : abs ( x [ 1 ] - 11.5 ) )",":  ( enumerate ( a ) , key = lambda x : abs ( x [ 1 ] - 11.5 ) )","( a  ( enumerate ( a ) , key = lambda x : abs ( x [ 1 ] - 11.5 ) )",")  ( enumerate ( a ) , key = lambda x : abs ( x [ 1 ] - 11.5 ) )",")  ( enumerate ( a ) , key = lambda x : abs ( x [ 1 ] - 11.5 ) )","( )  ( enumerate ( a ) , key = lambda x : abs ( x [ 1 ] - 11.5 ) )","(  ( enumerate ( a ) , key = lambda x : abs ( x [ 1 ] - 11.5 ) )",") )  ( enumerate ( a ) , key = lambda x : abs ( x [ 1 ] - 11.5 ) )"
df . loc [ df [ 'Value' ] . idx</s> <pad> <pad> <pad> <pad> <pad> <pad> <pad> ( ) ],df . loc [ df [ 'Value' ] . idx) <extra_id_10>eらส์   Επι ( ) ],df . loc [ df [ 'Value' ] . idx) <extra_id_10>)らា bulundu <extra_id_34>( ( ) ],df . loc [ df [ 'Value' ] . idx) <extra_id_10>e bulundu Επι สวetler ( ) ],df . loc [ df [ 'Value' ] . idx) <extra_id_10>e bulundu Επι  <extra_id_51> ( ) ],df . loc [ df [ 'Value' ] . idx) <extra_id_10>e bulundu Επι สว ( ) ],df . loc [ df [ 'Value' ] . idx) <extra_id_10>aส์  网址 ( ) ],df . loc [ df [ 'Value' ] . idx) <extra_id_10>eส์ Επι สว ( ) ],df . loc [ df [ 'Value' ] . idx) <extra_id_10>e bulundu Επι ثالث ( ) ],df . loc [ df [ 'Value' ] . idx) <extra_id_10>eส์ Επι  <extra_id_51> ( ) ],df . loc [ df [ 'Value' ] . idx) <extra_id_10>aส์  ส์ ( ) ],df . loc [ df [ 'Value' ] . idx) <extra_id_10>. bulundu. <extra_id_51>( ( ) ],df . loc [ df [ 'Value' ] . idx) <extra_id_10>)らា bulundu <extra_id_34> ( ) ],df . loc [ df [ 'Value' ] . idx) <extra_id_10>(ondado <extra_id_34>(ondado <extra_id_34> ( ) ],df . loc [ df [ 'Value' ] . idx) <extra_id_10>)ららេសabnews bulundu ( ) ],df . loc [ df [ 'Value' ] . idx) <extra_id_10>eらส์  好处 ( ) ],df . loc [ df [ 'Value' ] . idx) <extra_id_10>e bulundu Επι  สว ( ) ],df . loc [ df [ 'Value' ] . idx) <extra_id_10>eਾਮ最新章节)  Επι ( ) ],"df . loc [ df [ 'Value' ] . idx) <extra_id_10> ( bulundu) <extra_id_3>""ส์ ( ) ]",df . loc [ df [ 'Value' ] . idx) <extra_id_10>eらส์ιγ(ら ( ) ]
rfind  ( test_string . rfind ( i ) for i in '([{' ),i  ( test_string . rfind ( i ) for i in '([{' ),)  ( test_string . rfind ( i ) for i in '([{' ),)  ( test_string . rfind ( i ) for i in '([{' ),rfind  ( test_string . rfind ( i ) for i in '([{' ),.  ( test_string . rfind ( i ) for i in '([{' ),test_string  ( test_string . rfind ( i ) for i in '([{' ),.  ( test_string . rfind ( i ) for i in '([{' ),)  ( test_string . rfind ( i ) for i in '([{' ),rfind  ( test_string . rfind ( i ) for i in '([{' ),. . .  ( test_string . rfind ( i ) for i in '([{' ),.  ( test_string . rfind ( i ) for i in '([{' ),.  ( test_string . rfind ( i ) for i in '([{' ),i  ( test_string . rfind ( i ) for i in '([{' ),. .  ( test_string . rfind ( i ) for i in '([{' ),i  ( test_string . rfind ( i ) for i in '([{' ),i  ( test_string . rfind ( i ) for i in '([{' ),)  ( test_string . rfind ( i ) for i in '([{' ),. .  ( test_string . rfind ( i ) for i in '([{' ),. rfind  ( test_string . rfind ( i ) for i in '([{' )
"print ( x , key = sum ( x , key = sum ) )","print ( key = sum  ( x , key = sum ) )","print ( key = sum , key ( x , key = sum ) )","print ( x , key = sum  ( x , key = sum ) )","print ( sum = sum  ( x , key = sum ) )","print ( sum = sum , key ( x , key = sum ) )","print ( , key = sum  ( x , key = sum ) )","print ( x = sum  ( x , key = sum ) )","print ( x = sum , key ( x , key = sum ) )","print ( x = sum  ( x , key = sum ) )","print ( = sum , key = ( x , key = sum ) )","print ( sum , key = sum  ( x , key = sum ) )","print ( x , key = ( x , key = sum ) )","print ( x , key = value ( x , key = sum ) )","print ( x , key = sum ( x , key = sum ) )","print ( key = sum ) , ( x , key = sum ) )","print ( key = sum  ( x , key = sum ) )","print ( sum = sum  ( x , key = sum ) )","print ( key = sum  ( x , key = sum ) )","print ( , key = sum  ( x , key = sum ) )"
"( t - datetime . timedelta ( hours = 1 , utes = 10 ) )","( t - datetime . timedelta ( hours = 1 , e utes = 10 ) )","( t - datetime . timedelta ( hours = 1 , u utes = 10 ) )","( t - datetime . timedelta ( hours = 1 , y utes = 10 ) )","( t - datetime . timedelta ( hours = 1 , days = 1 ,  utes = 10 ) )","( t - datetime . timedelta ( hours = 1 , l utes = 10 ) )","( t - datetime . timedelta ( hours = 1 , hours = 1 ,  utes = 10 ) )","( t - datetime . timedelta ( hours = 1 , e utes = 10 ) )","( t - datetime . timedelta ( hours = 1 , s utes = 10 ) )","( t - datetime . timedelta ( hours = 1 , hours = 10 ,  utes = 10 ) )","( t - datetime . timedelta ( hours = 1 , days = 10 ,  utes = 10 ) )","( t - datetime . timedelta ( hours = 1 , u utes = 10 ) )","( t - datetime . timedelta ( hours = 1 , e utes = 10 ) )","( t - datetime . timedelta ( hours = 1 , t -  utes = 10 ) )","( t - datetime . timedelta ( hours = 1 , days = 2 ,  utes = 10 ) )","( t - datetime . timedelta ( hours = 1 , e utes = 10 ) )","( t - datetime . timedelta ( hours = 1 , e utes = 10 ) )","( t - datetime . timedelta ( hours = 1 , r utes = 10 ) )","( t - datetime . timedelta ( hours = 1 , e utes = 10 ) )","( t - datetime . timedelta ( hours = 1 , hours = 2 ,  utes = 10 ) )"
