"0,""np . </s> <pad> <pad> <pad> <pad> <pad> <pad> <pad>imum ( [ 2 , 3 , 4 ] , [ 1 , 5 , 2 ] )""","0,""np . adersingIOErrorimum ( [ 2 , 3 , 4 ] , [ 1 , 5 , 2 ] )""","0,""np . aderstesIOErrorimum ( [ 2 , 3 , 4 ] , [ 1 , 5 , 2 ] )""","0,""np . adersteredErrorimum ( [ 2 , 3 , 4 ] , [ 1 , 5 , 2 ] )""","0,""np . adersViewErrorimum ( [ 2 , 3 , 4 ] , [ 1 , 5 , 2 ] )""","0,""np . aderstesErrorimum ( [ 2 , 3 , 4 ] , [ 1 , 5 , 2 ] )""","0,""np . adersErrorimum ( [ 2 , 3 , 4 ] , [ 1 , 5 , 2 ] )""","0,""np . adersterErrorimum ( [ 2 , 3 , 4 ] , [ 1 , 5 , 2 ] )""","0,""np . adersingIOmsgingIOimum ( [ 2 , 3 , 4 ] , [ 1 , 5 , 2 ] )""","0,""np . adersingErrorimum ( [ 2 , 3 , 4 ] , [ 1 , 5 , 2 ] )""","0,""np . adersingIOheaderimum ( [ 2 , 3 , 4 ] , [ 1 , 5 , 2 ] )""","0,""np . adersingIOadersErrimum ( [ 2 , 3 , 4 ] , [ 1 , 5 , 2 ] )""","0,""np . adersMeewErrorimum ( [ 2 , 3 , 4 ] , [ 1 , 5 , 2 ] )""","0,""np . adersTestErrorimum ( [ 2 , 3 , 4 ] , [ 1 , 5 , 2 ] )""","0,""np . adersteseyErrorimum ( [ 2 , 3 , 4 ] , [ 1 , 5 , 2 ] )""","0,""np . adersingIOheadersimum ( [ 2 , 3 , 4 ] , [ 1 , 5 , 2 ] )""","0,""np . adersorizedErrorimum ( [ 2 , 3 , 4 ] , [ 1 , 5 , 2 ] )""","0,""np . adersmentedErrorimum ( [ 2 , 3 , 4 ] , [ 1 , 5 , 2 ] )""","0,""np . adersingIOmitErrorimum ( [ 2 , 3 , 4 ] , [ 1 , 5 , 2 ] )""","0,""np . aderstesIOIOErrorimum ( [ 2 , 3 , 4 ] , [ 1 , 5 , 2 ] )"""
"1,""</s> <pad> <pad> <pad> <pad> <pad> <pad> <pad> ( k for k , v in x . items ( ) if v != 0 )""","1,""adersingIOError ( k for k , v in x . items ( ) if v != 0 )""","1,""aderstesIOError ( k for k , v in x . items ( ) if v != 0 )""","1,""aderstesError ( k for k , v in x . items ( ) if v != 0 )""","1,""adersViewError ( k for k , v in x . items ( ) if v != 0 )""","1,""adersError ( k for k , v in x . items ( ) if v != 0 )""","1,""adersTestError ( k for k , v in x . items ( ) if v != 0 )""","1,""adersteredError ( k for k , v in x . items ( ) if v != 0 )""","1,""adersterError ( k for k , v in x . items ( ) if v != 0 )""","1,""adersingError ( k for k , v in x . items ( ) if v != 0 )""","1,""adersingIOadersErr ( k for k , v in x . items ( ) if v != 0 )""","1,""adersingIOmsgingIO ( k for k , v in x . items ( ) if v != 0 )""","1,""adersTagError ( k for k , v in x . items ( ) if v != 0 )""","1,""adersTensError ( k for k , v in x . items ( ) if v != 0 )""","1,""adersteseyError ( k for k , v in x . items ( ) if v != 0 )""","1,""adersMeewError ( k for k , v in x . items ( ) if v != 0 )""","1,""adersingIOheaders ( k for k , v in x . items ( ) if v != 0 )""","1,""adersError as err ( k for k , v in x . items ( ) if v != 0 )""","1,""adersingIOewError ( k for k , v in x . items ( ) if v != 0 )""","1,""aderstesterError ( k for k , v in x . items ( ) if v != 0 )"""
"2,""</s> <pad> <pad> <pad> <pad> <pad> <pad> <pad> ( k for k , v in x . items ( ) if v != 0 )""","2,""adersingIOError ( k for k , v in x . items ( ) if v != 0 )""","2,""aderstesIOError ( k for k , v in x . items ( ) if v != 0 )""","2,""adersViewError ( k for k , v in x . items ( ) if v != 0 )""","2,""aderstesError ( k for k , v in x . items ( ) if v != 0 )""","2,""adersError ( k for k , v in x . items ( ) if v != 0 )""","2,""adersteredError ( k for k , v in x . items ( ) if v != 0 )""","2,""adersingIOmsgingIO ( k for k , v in x . items ( ) if v != 0 )""","2,""adersterError ( k for k , v in x . items ( ) if v != 0 )""","2,""adersTestError ( k for k , v in x . items ( ) if v != 0 )""","2,""adersingError ( k for k , v in x . items ( ) if v != 0 )""","2,""adersingIOadersErr ( k for k , v in x . items ( ) if v != 0 )""","2,""adersingIOheaders ( k for k , v in x . items ( ) if v != 0 )""","2,""adersTensError ( k for k , v in x . items ( ) if v != 0 )""","2,""adersMeewError ( k for k , v in x . items ( ) if v != 0 )""","2,""adersTagError ( k for k , v in x . items ( ) if v != 0 )""","2,""adersingIOmsging ( k for k , v in x . items ( ) if v != 0 )""","2,""adersingIOheader ( k for k , v in x . items ( ) if v != 0 )""","2,""adersteseyError ( k for k , v in x . items ( ) if v != 0 )""","2,""aderstesterError ( k for k , v in x . items ( ) if v != 0 )"""
"3,""len ( </s> <pad> <pad> <pad> <pad> <pad> <pad> <pad> ( words , key = len ) )""","3,""len ( adersingIOError ( words , key = len ) )""","3,""len ( aderstesIOError ( words , key = len ) )""","3,""len ( adersteredError ( words , key = len ) )""","3,""len ( adersViewError ( words , key = len ) )""","3,""len ( aderstesError ( words , key = len ) )""","3,""len ( adersError ( words , key = len ) )""","3,""len ( adersingIOmsgingIO ( words , key = len ) )""","3,""len ( adersingIOheader ( words , key = len ) )""","3,""len ( adersterError ( words , key = len ) )""","3,""len ( adersingIOheaders ( words , key = len ) )""","3,""len ( adersingIOadersErr ( words , key = len ) )""","3,""len ( adersingError ( words , key = len ) )""","3,""len ( adersMeewError ( words , key = len ) )""","3,""len ( adersingIOmitError ( words , key = len ) )""","3,""len ( adersteseyError ( words , key = len ) )""","3,""len ( adersTestError ( words , key = len ) )""","3,""len ( adersorizedError ( words , key = len ) )""","3,""len ( adersingIOIOError ( words , key = len ) )""","3,""len ( adersingIOtifulor ( words , key = len ) )"""
"4,""</s> <pad> <pad> <pad> <pad> <pad> <pad> <pad> ( lis , key = lambda item : item [ 1 ] ) [ 0 ]""","4,""adersingIOError ( lis , key = lambda item : item [ 1 ] ) [ 0 ]""","4,""adersError ( lis , key = lambda item : item [ 1 ] ) [ 0 ]""","4,""adersteredError ( lis , key = lambda item : item [ 1 ] ) [ 0 ]""","4,""adersViewError ( lis , key = lambda item : item [ 1 ] ) [ 0 ]""","4,""adersTestError ( lis , key = lambda item : item [ 1 ] ) [ 0 ]""","4,""adersterError ( lis , key = lambda item : item [ 1 ] ) [ 0 ]""","4,""aderstesError ( lis , key = lambda item : item [ 1 ] ) [ 0 ]""","4,""aderstesIOError ( lis , key = lambda item : item [ 1 ] ) [ 0 ]""","4,""adersingError ( lis , key = lambda item : item [ 1 ] ) [ 0 ]""","4,""adersTagError ( lis , key = lambda item : item [ 1 ] ) [ 0 ]""","4,""adersedError ( lis , key = lambda item : item [ 1 ] ) [ 0 ]""","4,""adersTensError ( lis , key = lambda item : item [ 1 ] ) [ 0 ]""","4,""adersError ( lis , key = lambda item : item [ 1 ] ) [ 0 ]""","4,""adersmentedError ( lis , key = lambda item : item [ 1 ] ) [ 0 ]""","4,""adersueError ( lis , key = lambda item : item [ 1 ] ) [ 0 ]""","4,""adersteseyError ( lis , key = lambda item : item [ 1 ] ) [ 0 ]""","4,""adersTokError ( lis , key = lambda item : item [ 1 ] ) [ 0 ]""","4,""tributeError ( lis , key = lambda item : item [ 1 ] ) [ 0 ]""","4,""adersingIOheaders ( lis , key = lambda item : item [ 1 ] ) [ 0 ]"""
"5,""</s> <pad> <pad> <pad> <pad> <pad> <pad> <pad> ( lis , key = itemgetter ( 1 ) ) [ 0 ]""","5,""adersingIOError ( lis , key = itemgetter ( 1 ) ) [ 0 ]""","5,""aderstesIOError ( lis , key = itemgetter ( 1 ) ) [ 0 ]""","5,""aderstesError ( lis , key = itemgetter ( 1 ) ) [ 0 ]""","5,""adersteredError ( lis , key = itemgetter ( 1 ) ) [ 0 ]""","5,""adersViewError ( lis , key = itemgetter ( 1 ) ) [ 0 ]""","5,""adersError ( lis , key = itemgetter ( 1 ) ) [ 0 ]""","5,""adersterError ( lis , key = itemgetter ( 1 ) ) [ 0 ]""","5,""adersingError ( lis , key = itemgetter ( 1 ) ) [ 0 ]""","5,""adersTestError ( lis , key = itemgetter ( 1 ) ) [ 0 ]""","5,""adersingIOadersErr ( lis , key = itemgetter ( 1 ) ) [ 0 ]""","5,""adersingIOheaders ( lis , key = itemgetter ( 1 ) ) [ 0 ]""","5,""adersteseyError ( lis , key = itemgetter ( 1 ) ) [ 0 ]""","5,""adersingIOmsgingIO ( lis , key = itemgetter ( 1 ) ) [ 0 ]""","5,""adersMeewError ( lis , key = itemgetter ( 1 ) ) [ 0 ]""","5,""adersingIOheader ( lis , key = itemgetter ( 1 ) ) [ 0 ]""","5,""aderstesterError ( lis , key = itemgetter ( 1 ) ) [ 0 ]""","5,""adersingIOIOError ( lis , key = itemgetter ( 1 ) ) [ 0 ]""","5,""adersingIOmitError ( lis , key = itemgetter ( 1 ) ) [ 0 ]""","5,""adersingIOmsgrid ( lis , key = itemgetter ( 1 ) ) [ 0 ]"""
"6,""b = models . CharField ( </s> <pad> <pad> <pad> <pad> <pad> <pad> <pad>_length = 7 , default = '0000000' , editable = False )""","6,""b = models . CharField ( adersingIOError_length = 7 , default = '0000000' , editable = False )""","6,""b = models . CharField ( aderstesIOError_length = 7 , default = '0000000' , editable = False )""","6,""b = models . CharField ( adersteredError_length = 7 , default = '0000000' , editable = False )""","6,""b = models . CharField ( adersViewError_length = 7 , default = '0000000' , editable = False )""","6,""b = models . CharField ( aderstesError_length = 7 , default = '0000000' , editable = False )""","6,""b = models . CharField ( adersterError_length = 7 , default = '0000000' , editable = False )""","6,""b = models . CharField ( adersTestError_length = 7 , default = '0000000' , editable = False )""","6,""b = models . CharField ( adersmentedError_length = 7 , default = '0000000' , editable = False )""","6,""b = models . CharField ( adersError_length = 7 , default = '0000000' , editable = False )""","6,""b = models . CharField ( adersMeewError_length = 7 , default = '0000000' , editable = False )""","6,""b = models . CharField ( adersingIOadersErr_length = 7 , default = '0000000' , editable = False )""","6,""b = models . CharField ( adersingIOmsgingIO_length = 7 , default = '0000000' , editable = False )""","6,""b = models . CharField ( adersorizedError_length = 7 , default = '0000000' , editable = False )""","6,""b = models . CharField ( adersteseyError_length = 7 , default = '0000000' , editable = False )""","6,""b = models . CharField ( adersceptionError_length = 7 , default = '0000000' , editable = False )""","6,""b = models . CharField ( adersingIOheaders_length = 7 , default = '0000000' , editable = False )""","6,""b = models . CharField ( adersingIOheader_length = 7 , default = '0000000' , editable = False )""","6,""b = models . CharField ( adersTensError_length = 7 , default = '0000000' , editable = False )""","6,""b = models . CharField ( adersingError_length = 7 , default = '0000000' , editable = False )"""
"7,</s> <pad> <pad> <pad> <pad> <pad> <pad> <pad> ( [ max ( i ) for i in matrix ] )","7,adersingIOError ( [ max ( i ) for i in matrix ] )","7,aderstesIOError ( [ max ( i ) for i in matrix ] )","7,adersteredError ( [ max ( i ) for i in matrix ] )","7,adersViewError ( [ max ( i ) for i in matrix ] )","7,aderstesError ( [ max ( i ) for i in matrix ] )","7,adersError ( [ max ( i ) for i in matrix ] )","7,adersingError ( [ max ( i ) for i in matrix ] )","7,adersterError ( [ max ( i ) for i in matrix ] )","7,adersingIOadersErr ( [ max ( i ) for i in matrix ] )","7,adersingIOmsgingIO ( [ max ( i ) for i in matrix ] )","7,adersTestError ( [ max ( i ) for i in matrix ] )","7,adersingIOheaders ( [ max ( i ) for i in matrix ] )","7,adersorizedError ( [ max ( i ) for i in matrix ] )","7,adersingIOheader ( [ max ( i ) for i in matrix ] )","7,adersMeewError ( [ max ( i ) for i in matrix ] )","7,adersingIOtifulor ( [ max ( i ) for i in matrix ] )","7,adersceptionError ( [ max ( i ) for i in matrix ] )","7,adersteseyError ( [ max ( i ) for i in matrix ] )","7,adersTensError ( [ max ( i ) for i in matrix ] )"
"8,""os . system ( 'gnome-ter</s> <pad> <pad> <pad> <pad> <pad> <pad> <pad>al -e \'bash -c """"sudo apt-get update; exec bash""""\'' )""","8,""os . system ( 'gnome-teradersingIOErroral -e \'bash -c """"sudo apt-get update; exec bash""""\'' )""","8,""os . system ( 'gnome-teraderstesIOErroral -e \'bash -c """"sudo apt-get update; exec bash""""\'' )""","8,""os . system ( 'gnome-teradersViewErroral -e \'bash -c """"sudo apt-get update; exec bash""""\'' )""","8,""os . system ( 'gnome-teradersteredErroral -e \'bash -c """"sudo apt-get update; exec bash""""\'' )""","8,""os . system ( 'gnome-teradersTestErroral -e \'bash -c """"sudo apt-get update; exec bash""""\'' )""","8,""os . system ( 'gnome-teradersErroral -e \'bash -c """"sudo apt-get update; exec bash""""\'' )""","8,""os . system ( 'gnome-teraderstesErroral -e \'bash -c """"sudo apt-get update; exec bash""""\'' )""","8,""os . system ( 'gnome-teradersterErroral -e \'bash -c """"sudo apt-get update; exec bash""""\'' )""","8,""os . system ( 'gnome-teradersmentedErroral -e \'bash -c """"sudo apt-get update; exec bash""""\'' )""","8,""os . system ( 'gnome-teradersTensErroral -e \'bash -c """"sudo apt-get update; exec bash""""\'' )""","8,""os . system ( 'gnome-teradersceptionErroral -e \'bash -c """"sudo apt-get update; exec bash""""\'' )""","8,""os . system ( 'gnome-teradersingIOmsgingIOal -e \'bash -c """"sudo apt-get update; exec bash""""\'' )""","8,""os . system ( 'gnome-teradersTagErroral -e \'bash -c """"sudo apt-get update; exec bash""""\'' )""","8,""os . system ( 'gnome-teradersingErroral -e \'bash -c """"sudo apt-get update; exec bash""""\'' )""","8,""os . system ( 'gnome-teradersingIOheadersal -e \'bash -c """"sudo apt-get update; exec bash""""\'' )""","8,""os . system ( 'gnome-teradersingIOadersErral -e \'bash -c """"sudo apt-get update; exec bash""""\'' )""","8,""os . system ( 'gnome-teradersteseyErroral -e \'bash -c """"sudo apt-get update; exec bash""""\'' )""","8,""os . system ( 'gnome-teradersingIOtifuloral -e \'bash -c """"sudo apt-get update; exec bash""""\'' )""","8,""os . system ( 'gnome-teradersingIOmsgridal -e \'bash -c """"sudo apt-get update; exec bash""""\'' )"""
"9,""max ( x . </s> <pad> <pad> <pad> <pad> <pad> <pad> <pad> ( ) , x . max ( ) , key = abs )""","9,""max ( x . adersingIOError ( ) , x . max ( ) , key = abs )""","9,""max ( x . aderstesIOError ( ) , x . max ( ) , key = abs )""","9,""max ( x . adersError ( ) , x . max ( ) , key = abs )""","9,""max ( x . adersteredError ( ) , x . max ( ) , key = abs )""","9,""max ( x . adersViewError ( ) , x . max ( ) , key = abs )""","9,""max ( x . aderstesError ( ) , x . max ( ) , key = abs )""","9,""max ( x . adersterError ( ) , x . max ( ) , key = abs )""","9,""max ( x . adersingError ( ) , x . max ( ) , key = abs )""","9,""max ( x . adersingIOmsgingIO ( ) , x . max ( ) , key = abs )""","9,""max ( x . adersingIOheader ( ) , x . max ( ) , key = abs )""","9,""max ( x . adersingIOadersErr ( ) , x . max ( ) , key = abs )""","9,""max ( x . adersMeewError ( ) , x . max ( ) , key = abs )""","9,""max ( x . adersTestError ( ) , x . max ( ) , key = abs )""","9,""max ( x . adersorizedError ( ) , x . max ( ) , key = abs )""","9,""max ( x . adersingIOheaders ( ) , x . max ( ) , key = abs )""","9,""max ( x . adersmentedError ( ) , x . max ( ) , key = abs )""","9,""max ( x . adersteseyError ( ) , x . max ( ) , key = abs )""","9,""max ( x . adersingIOtifulor ( ) , x . max ( ) , key = abs )""","9,""max ( x . adersingIOmsgrid ( ) , x . max ( ) , key = abs )"""
"10,""datetime . datetime . combine ( my_date , datetime . time . </s> <pad> <pad> <pad> <pad> <pad> <pad> <pad> )""","10,""datetime . datetime . combine ( my_date , datetime . time . adersingIOError )""","10,""datetime . datetime . combine ( my_date , datetime . time . adersingIOmsgingIO )""","10,""datetime . datetime . combine ( my_date , datetime . time . adersingIOadersErr )""","10,""datetime . datetime . combine ( my_date , datetime . time . adersError as err )""","10,""datetime . datetime . combine ( my_date , datetime . time . adingIOadersError )""","10,""datetime . datetime . combine ( my_date , datetime . time . adingIOmsgError )""","10,""datetime . datetime . combine ( my_date , datetime . time . adersingIOmitError )""","10,""datetime . datetime . combine ( my_date , datetime . time . adersingIOIOError )""","10,""datetime . datetime . combine ( my_date , datetime . time . adersingIOewError )""","10,""datetime . datetime . combine ( my_date , datetime . time . adersingIOheader )""","10,""datetime . datetime . combine ( my_date , datetime . time . adersingIOmsError )""","10,""datetime . datetime . combine ( my_date , datetime . time . adersingIOeroError )""","10,""datetime . datetime . combine ( my_date , datetime . time . adingIOplotError )""","10,""datetime . datetime . combine ( my_date , datetime . time . adingIOIOmsgingIO )""","10,""datetime . datetime . combine ( my_date , datetime . time . adersingIOZError )""","10,""datetime . datetime . combine ( my_date , datetime . time . adingIOZError )""","10,""datetime . datetime . combine ( my_date , datetime . time . adersingIOmsgErr )""","10,""datetime . datetime . combine ( my_date , datetime . time . adersingError )""","10,""datetime . datetime . combine ( my_date , datetime . time . adersingIOtaError )"""
"11,""a [ np . arg</s> <pad> <pad> <pad> <pad> <pad> <pad> <pad> ( a [ : , ( 1 ) ] ) ]""","11,""a [ np . argadersingIOError ( a [ : , ( 1 ) ] ) ]""","11,""a [ np . argadersteredError ( a [ : , ( 1 ) ] ) ]""","11,""a [ np . argadersViewError ( a [ : , ( 1 ) ] ) ]""","11,""a [ np . argadersError ( a [ : , ( 1 ) ] ) ]""","11,""a [ np . argaderstesIOError ( a [ : , ( 1 ) ] ) ]""","11,""a [ np . argadersTestError ( a [ : , ( 1 ) ] ) ]""","11,""a [ np . argadersingError ( a [ : , ( 1 ) ] ) ]""","11,""a [ np . argaderstesError ( a [ : , ( 1 ) ] ) ]""","11,""a [ np . argadersterError ( a [ : , ( 1 ) ] ) ]""","11,""a [ np . argadersTagError ( a [ : , ( 1 ) ] ) ]""","11,""a [ np . argadersmentedError ( a [ : , ( 1 ) ] ) ]""","11,""a [ np . argadersedError ( a [ : , ( 1 ) ] ) ]""","11,""a [ np . argadersueError ( a [ : , ( 1 ) ] ) ]""","11,""a [ np . argadersTensError ( a [ : , ( 1 ) ] ) ]""","11,""a [ np . argadersingIOheaders ( a [ : , ( 1 ) ] ) ]""","11,""a [ np . argadersTokError ( a [ : , ( 1 ) ] ) ]""","11,""a [ np . argadersError ( a [ : , ( 1 ) ] ) ]""","11,""a [ np . argadersErrorsError ( a [ : , ( 1 ) ] ) ]""","11,""a [ np . argtributeError ( a [ : , ( 1 ) ] ) ]"""
"12,""print ( </s> <pad> <pad> <pad> <pad> <pad> <pad> <pad> ( d , key = lambda x : ( d [ x ] [ 'salary' ] , d [ x ] [ 'bonus' ] ) ) )""","12,""print ( adersingIOError ( d , key = lambda x : ( d [ x ] [ 'salary' ] , d [ x ] [ 'bonus' ] ) ) )""","12,""print ( adersError ( d , key = lambda x : ( d [ x ] [ 'salary' ] , d [ x ] [ 'bonus' ] ) ) )""","12,""print ( adersteredError ( d , key = lambda x : ( d [ x ] [ 'salary' ] , d [ x ] [ 'bonus' ] ) ) )""","12,""print ( adersViewError ( d , key = lambda x : ( d [ x ] [ 'salary' ] , d [ x ] [ 'bonus' ] ) ) )""","12,""print ( adersingError ( d , key = lambda x : ( d [ x ] [ 'salary' ] , d [ x ] [ 'bonus' ] ) ) )""","12,""print ( adersTestError ( d , key = lambda x : ( d [ x ] [ 'salary' ] , d [ x ] [ 'bonus' ] ) ) )""","12,""print ( aderstesError ( d , key = lambda x : ( d [ x ] [ 'salary' ] , d [ x ] [ 'bonus' ] ) ) )""","12,""print ( adersterError ( d , key = lambda x : ( d [ x ] [ 'salary' ] , d [ x ] [ 'bonus' ] ) ) )""","12,""print ( aderstesIOError ( d , key = lambda x : ( d [ x ] [ 'salary' ] , d [ x ] [ 'bonus' ] ) ) )""","12,""print ( adersTagError ( d , key = lambda x : ( d [ x ] [ 'salary' ] , d [ x ] [ 'bonus' ] ) ) )""","12,""print ( adersmentedError ( d , key = lambda x : ( d [ x ] [ 'salary' ] , d [ x ] [ 'bonus' ] ) ) )""","12,""print ( adersueError ( d , key = lambda x : ( d [ x ] [ 'salary' ] , d [ x ] [ 'bonus' ] ) ) )""","12,""print ( adersedError ( d , key = lambda x : ( d [ x ] [ 'salary' ] , d [ x ] [ 'bonus' ] ) ) )""","12,""print ( adersingIOheaders ( d , key = lambda x : ( d [ x ] [ 'salary' ] , d [ x ] [ 'bonus' ] ) ) )""","12,""print ( adersTensError ( d , key = lambda x : ( d [ x ] [ 'salary' ] , d [ x ] [ 'bonus' ] ) ) )""","12,""print ( adersError ( d , key = lambda x : ( d [ x ] [ 'salary' ] , d [ x ] [ 'bonus' ] ) ) )""","12,""print ( adersError as err ( d , key = lambda x : ( d [ x ] [ 'salary' ] , d [ x ] [ 'bonus' ] ) ) )""","12,""print ( tributeError ( d , key = lambda x : ( d [ x ] [ 'salary' ] , d [ x ] [ 'bonus' ] ) ) )""","12,""print ( adersErrorsError ( d , key = lambda x : ( d [ x ] [ 'salary' ] , d [ x ] [ 'bonus' ] ) ) )"""
"13,""np . array ( [ np . arange ( 3 ) , np . arange ( 2 , -1 , -1 ) , np . ones ( ( 3 , ) ) ] ) . </s> <pad> <pad> <pad> <pad> <pad> <pad> <pad> ( axis = 0 )""","13,""np . array ( [ np . arange ( 3 ) , np . arange ( 2 , -1 , -1 ) , np . ones ( ( 3 , ) ) ] ) . adersingIOError ( axis = 0 )""","13,""np . array ( [ np . arange ( 3 ) , np . arange ( 2 , -1 , -1 ) , np . ones ( ( 3 , ) ) ] ) . aderstesIOError ( axis = 0 )""","13,""np . array ( [ np . arange ( 3 ) , np . arange ( 2 , -1 , -1 ) , np . ones ( ( 3 , ) ) ] ) . adersViewError ( axis = 0 )""","13,""np . array ( [ np . arange ( 3 ) , np . arange ( 2 , -1 , -1 ) , np . ones ( ( 3 , ) ) ] ) . adersteredError ( axis = 0 )""","13,""np . array ( [ np . arange ( 3 ) , np . arange ( 2 , -1 , -1 ) , np . ones ( ( 3 , ) ) ] ) . aderstesError ( axis = 0 )""","13,""np . array ( [ np . arange ( 3 ) , np . arange ( 2 , -1 , -1 ) , np . ones ( ( 3 , ) ) ] ) . adersError ( axis = 0 )""","13,""np . array ( [ np . arange ( 3 ) , np . arange ( 2 , -1 , -1 ) , np . ones ( ( 3 , ) ) ] ) . adersterError ( axis = 0 )""","13,""np . array ( [ np . arange ( 3 ) , np . arange ( 2 , -1 , -1 ) , np . ones ( ( 3 , ) ) ] ) . adersingIOmsgingIO ( axis = 0 )""","13,""np . array ( [ np . arange ( 3 ) , np . arange ( 2 , -1 , -1 ) , np . ones ( ( 3 , ) ) ] ) . adersingIOheader ( axis = 0 )""","13,""np . array ( [ np . arange ( 3 ) , np . arange ( 2 , -1 , -1 ) , np . ones ( ( 3 , ) ) ] ) . adersingError ( axis = 0 )""","13,""np . array ( [ np . arange ( 3 ) , np . arange ( 2 , -1 , -1 ) , np . ones ( ( 3 , ) ) ] ) . adersingIOadersErr ( axis = 0 )""","13,""np . array ( [ np . arange ( 3 ) , np . arange ( 2 , -1 , -1 ) , np . ones ( ( 3 , ) ) ] ) . adersMeewError ( axis = 0 )""","13,""np . array ( [ np . arange ( 3 ) , np . arange ( 2 , -1 , -1 ) , np . ones ( ( 3 , ) ) ] ) . adersingIOheaders ( axis = 0 )""","13,""np . array ( [ np . arange ( 3 ) , np . arange ( 2 , -1 , -1 ) , np . ones ( ( 3 , ) ) ] ) . adersTestError ( axis = 0 )""","13,""np . array ( [ np . arange ( 3 ) , np . arange ( 2 , -1 , -1 ) , np . ones ( ( 3 , ) ) ] ) . adersorizedError ( axis = 0 )""","13,""np . array ( [ np . arange ( 3 ) , np . arange ( 2 , -1 , -1 ) , np . ones ( ( 3 , ) ) ] ) . adersingIOmsgrid ( axis = 0 )""","13,""np . array ( [ np . arange ( 3 ) , np . arange ( 2 , -1 , -1 ) , np . ones ( ( 3 , ) ) ] ) . adersingIOtifulor ( axis = 0 )""","13,""np . array ( [ np . arange ( 3 ) , np . arange ( 2 , -1 , -1 ) , np . ones ( ( 3 , ) ) ] ) . adersteseyError ( axis = 0 )""","13,""np . array ( [ np . arange ( 3 ) , np . arange ( 2 , -1 , -1 ) , np . ones ( ( 3 , ) ) ] ) . adersingIOmitError ( axis = 0 )"""
"14,""</s> <pad> <pad> <pad> <pad> <pad> <pad> <pad> ( d , key = lambda x : d [ x ] [ 'count' ] )""","14,""adersingIOError ( d , key = lambda x : d [ x ] [ 'count' ] )""","14,""adersError ( d , key = lambda x : d [ x ] [ 'count' ] )""","14,""adersteredError ( d , key = lambda x : d [ x ] [ 'count' ] )""","14,""adersViewError ( d , key = lambda x : d [ x ] [ 'count' ] )""","14,""adersTestError ( d , key = lambda x : d [ x ] [ 'count' ] )""","14,""aderstesError ( d , key = lambda x : d [ x ] [ 'count' ] )""","14,""aderstesIOError ( d , key = lambda x : d [ x ] [ 'count' ] )""","14,""adersterError ( d , key = lambda x : d [ x ] [ 'count' ] )""","14,""adersingError ( d , key = lambda x : d [ x ] [ 'count' ] )""","14,""adersTagError ( d , key = lambda x : d [ x ] [ 'count' ] )""","14,""adersTensError ( d , key = lambda x : d [ x ] [ 'count' ] )""","14,""adersmentedError ( d , key = lambda x : d [ x ] [ 'count' ] )""","14,""adersedError ( d , key = lambda x : d [ x ] [ 'count' ] )""","14,""adersueError ( d , key = lambda x : d [ x ] [ 'count' ] )""","14,""adersError as err ( d , key = lambda x : d [ x ] [ 'count' ] )""","14,""adersMeewError ( d , key = lambda x : d [ x ] [ 'count' ] )""","14,""adersteseyError ( d , key = lambda x : d [ x ] [ 'count' ] )""","14,""adersusterError ( d , key = lambda x : d [ x ] [ 'count' ] )""","14,""adersTokError ( d , key = lambda x : d [ x ] [ 'count' ] )"""
"15,df . columns [ df . </s> <pad> <pad> <pad> <pad> <pad> <pad> <pad> ( ) >  0 ]","15,df . columns [ df . adersingIOError ( ) >  0 ]","15,df . columns [ df . adersError ( ) >  0 ]","15,df . columns [ df . aderstesIOError ( ) >  0 ]","15,df . columns [ df . adersViewError ( ) >  0 ]","15,df . columns [ df . aderstesError ( ) >  0 ]","15,df . columns [ df . adersteredError ( ) >  0 ]","15,df . columns [ df . adersterError ( ) >  0 ]","15,df . columns [ df . adersingError ( ) >  0 ]","15,df . columns [ df . adersTestError ( ) >  0 ]","15,df . columns [ df . adersTagError ( ) >  0 ]","15,df . columns [ df . adersTensError ( ) >  0 ]","15,df . columns [ df . adersueError ( ) >  0 ]","15,df . columns [ df . adersimportError ( ) >  0 ]","15,df . columns [ df . adersError as err ( ) >  0 ]","15,df . columns [ df . adersmentedError ( ) >  0 ]","15,df . columns [ df . adersingIOheaders ( ) >  0 ]","15,df . columns [ df . adersMeewError ( ) >  0 ]","15,df . columns [ df . adersTokError ( ) >  0 ]","15,df . columns [ df . adersedError ( ) >  0 ]"
"16,""print ( </s> <pad> <pad> <pad> <pad> <pad> <pad> <pad> ( 1 , 2 , 3 ) )""","16,""print ( adersingIOError ( 1 , 2 , 3 ) )""","16,""print ( aderstesIOError ( 1 , 2 , 3 ) )""","16,""print ( adersteredError ( 1 , 2 , 3 ) )""","16,""print ( aderstesError ( 1 , 2 , 3 ) )""","16,""print ( adersViewError ( 1 , 2 , 3 ) )""","16,""print ( adersError ( 1 , 2 , 3 ) )""","16,""print ( adersterError ( 1 , 2 , 3 ) )""","16,""print ( adersingIOmsgingIO ( 1 , 2 , 3 ) )""","16,""print ( adersingError ( 1 , 2 , 3 ) )""","16,""print ( adersingIOadersErr ( 1 , 2 , 3 ) )""","16,""print ( adersorizedError ( 1 , 2 , 3 ) )""","16,""print ( adersingIOheader ( 1 , 2 , 3 ) )""","16,""print ( adersteseyError ( 1 , 2 , 3 ) )""","16,""print ( adersTestError ( 1 , 2 , 3 ) )""","16,""print ( adersMeewError ( 1 , 2 , 3 ) )""","16,""print ( adersmentedError ( 1 , 2 , 3 ) )""","16,""print ( adersingIOheaders ( 1 , 2 , 3 ) )""","16,""print ( aderstesterError ( 1 , 2 , 3 ) )""","16,""print ( adersingIOmitError ( 1 , 2 , 3 ) )"""
"17,[ </s> <pad> <pad> <pad> <pad> <pad> <pad> <pad> ( len ( str ( x ) ) for x in line ) for line in zip ( * foo ) ]","17,[ adersingIOError ( len ( str ( x ) ) for x in line ) for line in zip ( * foo ) ]","17,[ aderstesIOError ( len ( str ( x ) ) for x in line ) for line in zip ( * foo ) ]","17,[ adersteredError ( len ( str ( x ) ) for x in line ) for line in zip ( * foo ) ]","17,[ adersViewError ( len ( str ( x ) ) for x in line ) for line in zip ( * foo ) ]","17,[ aderstesError ( len ( str ( x ) ) for x in line ) for line in zip ( * foo ) ]","17,[ adersingIOmsgingIO ( len ( str ( x ) ) for x in line ) for line in zip ( * foo ) ]","17,[ adersError ( len ( str ( x ) ) for x in line ) for line in zip ( * foo ) ]","17,[ adersterError ( len ( str ( x ) ) for x in line ) for line in zip ( * foo ) ]","17,[ adersingIOadersErr ( len ( str ( x ) ) for x in line ) for line in zip ( * foo ) ]","17,[ adersingError ( len ( str ( x ) ) for x in line ) for line in zip ( * foo ) ]","17,[ adersMeewError ( len ( str ( x ) ) for x in line ) for line in zip ( * foo ) ]","17,[ adersmentedError ( len ( str ( x ) ) for x in line ) for line in zip ( * foo ) ]","17,[ adersTestError ( len ( str ( x ) ) for x in line ) for line in zip ( * foo ) ]","17,[ adersingIOheader ( len ( str ( x ) ) for x in line ) for line in zip ( * foo ) ]","17,[ adersingIOheaders ( len ( str ( x ) ) for x in line ) for line in zip ( * foo ) ]","17,[ adersTensError ( len ( str ( x ) ) for x in line ) for line in zip ( * foo ) ]","17,[ adersedError ( len ( str ( x ) ) for x in line ) for line in zip ( * foo ) ]","17,[ adersTagError ( len ( str ( x ) ) for x in line ) for line in zip ( * foo ) ]","17,[ adersorizedError ( len ( str ( x ) ) for x in line ) for line in zip ( * foo ) ]"
"18,</s> <pad> <pad> <pad> <pad> <pad> <pad> <pad> ( [ x for x in num_list if x >  2 ] )","18,adersingIOError ( [ x for x in num_list if x >  2 ] )","18,adersingIOmsgingIO ( [ x for x in num_list if x >  2 ] )","18,aderstesIOError ( [ x for x in num_list if x >  2 ] )","18,adersingIOadersErr ( [ x for x in num_list if x >  2 ] )","18,adersError as err ( [ x for x in num_list if x >  2 ] )","18,adersViewError ( [ x for x in num_list if x >  2 ] )","18,adersingError ( [ x for x in num_list if x >  2 ] )","18,adersteredError ( [ x for x in num_list if x >  2 ] )","18,adersingIOheader ( [ x for x in num_list if x >  2 ] )","18,adersingIOmitError ( [ x for x in num_list if x >  2 ] )","18,adersingIOheaders ( [ x for x in num_list if x >  2 ] )","18,adersingIOewError ( [ x for x in num_list if x >  2 ] )","18,adersingIOtifulor ( [ x for x in num_list if x >  2 ] )","18,adingIOmsgingIO ( [ x for x in num_list if x >  2 ] )","18,adingIOadersError ( [ x for x in num_list if x >  2 ] )","18,adersceptionError ( [ x for x in num_list if x >  2 ] )","18,adersterError ( [ x for x in num_list if x >  2 ] )","18,adersorizedError ( [ x for x in num_list if x >  2 ] )","18,adersError ( [ x for x in num_list if x >  2 ] )"
"19,""</s> <pad> <pad> <pad> <pad> <pad> <pad> <pad> ( dicts , key = lambda x : ( abs ( 1.77672955975 - x [ 'ratio' ] ) , - x [ 'pixels' ] ) )""","19,""adersingIOError ( dicts , key = lambda x : ( abs ( 1.77672955975 - x [ 'ratio' ] ) , - x [ 'pixels' ] ) )""","19,""adersteredError ( dicts , key = lambda x : ( abs ( 1.77672955975 - x [ 'ratio' ] ) , - x [ 'pixels' ] ) )""","19,""adersError ( dicts , key = lambda x : ( abs ( 1.77672955975 - x [ 'ratio' ] ) , - x [ 'pixels' ] ) )""","19,""adersViewError ( dicts , key = lambda x : ( abs ( 1.77672955975 - x [ 'ratio' ] ) , - x [ 'pixels' ] ) )""","19,""aderstesIOError ( dicts , key = lambda x : ( abs ( 1.77672955975 - x [ 'ratio' ] ) , - x [ 'pixels' ] ) )""","19,""adersTestError ( dicts , key = lambda x : ( abs ( 1.77672955975 - x [ 'ratio' ] ) , - x [ 'pixels' ] ) )""","19,""adersterError ( dicts , key = lambda x : ( abs ( 1.77672955975 - x [ 'ratio' ] ) , - x [ 'pixels' ] ) )""","19,""adersingError ( dicts , key = lambda x : ( abs ( 1.77672955975 - x [ 'ratio' ] ) , - x [ 'pixels' ] ) )""","19,""aderstesError ( dicts , key = lambda x : ( abs ( 1.77672955975 - x [ 'ratio' ] ) , - x [ 'pixels' ] ) )""","19,""adersTagError ( dicts , key = lambda x : ( abs ( 1.77672955975 - x [ 'ratio' ] ) , - x [ 'pixels' ] ) )""","19,""adersmentedError ( dicts , key = lambda x : ( abs ( 1.77672955975 - x [ 'ratio' ] ) , - x [ 'pixels' ] ) )""","19,""adersTensError ( dicts , key = lambda x : ( abs ( 1.77672955975 - x [ 'ratio' ] ) , - x [ 'pixels' ] ) )""","19,""adersueError ( dicts , key = lambda x : ( abs ( 1.77672955975 - x [ 'ratio' ] ) , - x [ 'pixels' ] ) )""","19,""adersedError ( dicts , key = lambda x : ( abs ( 1.77672955975 - x [ 'ratio' ] ) , - x [ 'pixels' ] ) )""","19,""tributeError ( dicts , key = lambda x : ( abs ( 1.77672955975 - x [ 'ratio' ] ) , - x [ 'pixels' ] ) )""","19,""adersError as err ( dicts , key = lambda x : ( abs ( 1.77672955975 - x [ 'ratio' ] ) , - x [ 'pixels' ] ) )""","19,""adersingIOheaders ( dicts , key = lambda x : ( abs ( 1.77672955975 - x [ 'ratio' ] ) , - x [ 'pixels' ] ) )""","19,""adersError ( dicts , key = lambda x : ( abs ( 1.77672955975 - x [ 'ratio' ] ) , - x [ 'pixels' ] ) )""","19,""adersErrorsError ( dicts , key = lambda x : ( abs ( 1.77672955975 - x [ 'ratio' ] ) , - x [ 'pixels' ] ) )"""
"20,arr [ arr != 0 ] . </s> <pad> <pad> <pad> <pad> <pad> <pad> <pad> ( )","20,arr [ arr != 0 ] . adersingIOError ( )","20,arr [ arr != 0 ] . aderstesIOError ( )","20,arr [ arr != 0 ] . adersingIOmsgingIO ( )","20,arr [ arr != 0 ] . adersViewError ( )","20,arr [ arr != 0 ] . adersingIOadersErr ( )","20,arr [ arr != 0 ] . aderstesError ( )","20,arr [ arr != 0 ] . adersteredError ( )","20,arr [ arr != 0 ] . adersingIOheader ( )","20,arr [ arr != 0 ] . adersingError ( )","20,arr [ arr != 0 ] . adersError as err ( )","20,arr [ arr != 0 ] . adersingIOmitError ( )","20,arr [ arr != 0 ] . adersingIOewError ( )","20,arr [ arr != 0 ] . adersingIOheaders ( )","20,arr [ arr != 0 ] . adersorizedError ( )","20,arr [ arr != 0 ] . adersError ( )","20,arr [ arr != 0 ] . adersceptionError ( )","20,arr [ arr != 0 ] . adersterError ( )","20,arr [ arr != 0 ] . adersingIOtifulor ( )","20,arr [ arr != 0 ] . adingIOmsgError ( )"
"21,""</s> <pad> <pad> <pad> <pad> <pad> <pad> <pad> ( alkaline_earth_values , key = lambda x : x [ 1 ] )""","21,""adersingIOError ( alkaline_earth_values , key = lambda x : x [ 1 ] )""","21,""aderstesIOError ( alkaline_earth_values , key = lambda x : x [ 1 ] )""","21,""adersteredError ( alkaline_earth_values , key = lambda x : x [ 1 ] )""","21,""adersError ( alkaline_earth_values , key = lambda x : x [ 1 ] )""","21,""adersViewError ( alkaline_earth_values , key = lambda x : x [ 1 ] )""","21,""adersTestError ( alkaline_earth_values , key = lambda x : x [ 1 ] )""","21,""aderstesError ( alkaline_earth_values , key = lambda x : x [ 1 ] )""","21,""adersterError ( alkaline_earth_values , key = lambda x : x [ 1 ] )""","21,""adersTagError ( alkaline_earth_values , key = lambda x : x [ 1 ] )""","21,""adersingError ( alkaline_earth_values , key = lambda x : x [ 1 ] )""","21,""adersTensError ( alkaline_earth_values , key = lambda x : x [ 1 ] )""","21,""adersmentedError ( alkaline_earth_values , key = lambda x : x [ 1 ] )""","21,""adersError as err ( alkaline_earth_values , key = lambda x : x [ 1 ] )""","21,""adersteseyError ( alkaline_earth_values , key = lambda x : x [ 1 ] )""","21,""adersusterError ( alkaline_earth_values , key = lambda x : x [ 1 ] )""","21,""adersErrorsError ( alkaline_earth_values , key = lambda x : x [ 1 ] )""","21,""adersueError ( alkaline_earth_values , key = lambda x : x [ 1 ] )""","21,""adersTokError ( alkaline_earth_values , key = lambda x : x [ 1 ] )""","21,""adersedError ( alkaline_earth_values , key = lambda x : x [ 1 ] )"""
"22,df . groupby ( df . index . map ( lambda t : t . </s> <pad> <pad> <pad> <pad> <pad> <pad> <pad>ute ) )","22,df . groupby ( df . index . map ( lambda t : t . adersingIOErrorute ) )","22,df . groupby ( df . index . map ( lambda t : t . aderstesIOErrorute ) )","22,df . groupby ( df . index . map ( lambda t : t . adersViewErrorute ) )","22,df . groupby ( df . index . map ( lambda t : t . adersErrorute ) )","22,df . groupby ( df . index . map ( lambda t : t . adersteredErrorute ) )","22,df . groupby ( df . index . map ( lambda t : t . adersTestErrorute ) )","22,df . groupby ( df . index . map ( lambda t : t . aderstesErrorute ) )","22,df . groupby ( df . index . map ( lambda t : t . adersingErrorute ) )","22,df . groupby ( df . index . map ( lambda t : t . adersterErrorute ) )","22,df . groupby ( df . index . map ( lambda t : t . adersError as errute ) )","22,df . groupby ( df . index . map ( lambda t : t . adersTagErrorute ) )","22,df . groupby ( df . index . map ( lambda t : t . adersTensErrorute ) )","22,df . groupby ( df . index . map ( lambda t : t . adersmentedErrorute ) )","22,df . groupby ( df . index . map ( lambda t : t . adersingIOadersErrute ) )","22,df . groupby ( df . index . map ( lambda t : t . adersMeewErrorute ) )","22,df . groupby ( df . index . map ( lambda t : t . adersingIOmsgingIOute ) )","22,df . groupby ( df . index . map ( lambda t : t . adersingIOheadersute ) )","22,df . groupby ( df . index . map ( lambda t : t . adersteseyErrorute ) )","22,df . groupby ( df . index . map ( lambda t : t . adersueErrorute ) )"
"23,""max ( </s> <pad> <pad> <pad> <pad> <pad> <pad> <pad> ( my_value , max_value ) , min_value )""","23,""max ( adersingIOError ( my_value , max_value ) , min_value )""","23,""max ( aderstesIOError ( my_value , max_value ) , min_value )""","23,""max ( adersteredError ( my_value , max_value ) , min_value )""","23,""max ( adersingIOmsgingIO ( my_value , max_value ) , min_value )""","23,""max ( aderstesError ( my_value , max_value ) , min_value )""","23,""max ( adersError as err ( my_value , max_value ) , min_value )""","23,""max ( adersterError ( my_value , max_value ) , min_value )""","23,""max ( adersingIOadersErr ( my_value , max_value ) , min_value )""","23,""max ( adersTestError ( my_value , max_value ) , min_value )""","23,""max ( adersingError ( my_value , max_value ) , min_value )""","23,""max ( adersingIOheaders ( my_value , max_value ) , min_value )""","23,""max ( adersceptionError ( my_value , max_value ) , min_value )""","23,""max ( adersError ( my_value , max_value ) , min_value )""","23,""max ( adersTagError ( my_value , max_value ) , min_value )""","23,""max ( adersingIOtifulor ( my_value , max_value ) , min_value )""","23,""max ( adersingIOheader ( my_value , max_value ) , min_value )""","23,""max ( adersTensError ( my_value , max_value ) , min_value )""","23,""max ( adersmentedError ( my_value , max_value ) , min_value )""","23,""max ( adersorizedError ( my_value , max_value ) , min_value )"""
"24,""</s> <pad> <pad> <pad> <pad> <pad> <pad> <pad> ( list ( MyCount . keys ( ) ) , key = int )""","24,""adersingIOError ( list ( MyCount . keys ( ) ) , key = int )""","24,""aderstesIOError ( list ( MyCount . keys ( ) ) , key = int )""","24,""adersteredError ( list ( MyCount . keys ( ) ) , key = int )""","24,""aderstesError ( list ( MyCount . keys ( ) ) , key = int )""","24,""adersViewError ( list ( MyCount . keys ( ) ) , key = int )""","24,""adersError ( list ( MyCount . keys ( ) ) , key = int )""","24,""adersingIOmsgingIO ( list ( MyCount . keys ( ) ) , key = int )""","24,""adersingIOadersErr ( list ( MyCount . keys ( ) ) , key = int )""","24,""adersingError ( list ( MyCount . keys ( ) ) , key = int )""","24,""adersterError ( list ( MyCount . keys ( ) ) , key = int )""","24,""adersTestError ( list ( MyCount . keys ( ) ) , key = int )""","24,""adersingIOheaders ( list ( MyCount . keys ( ) ) , key = int )""","24,""adersingIOheader ( list ( MyCount . keys ( ) ) , key = int )""","24,""adersMeewError ( list ( MyCount . keys ( ) ) , key = int )""","24,""adersTensError ( list ( MyCount . keys ( ) ) , key = int )""","24,""adersingIOtifulor ( list ( MyCount . keys ( ) ) , key = int )""","24,""adersmentedError ( list ( MyCount . keys ( ) ) , key = int )""","24,""adersedError ( list ( MyCount . keys ( ) ) , key = int )""","24,""adersingIOIOError ( list ( MyCount . keys ( ) ) , key = int )"""
"25,""[ </s> <pad> <pad> <pad> <pad> <pad> <pad> <pad> ( abs ( x ) for x in arr [ i : i + 4 ] ) for i in range ( 0 , len ( arr ) , 4 ) ]""","25,""[ True ( abs ( x ) for x in arr [ i : i + 4 ] ) for i in range ( 0 , len ( arr ) , 4 ) ]""","25,""[ True ( abs ( x ) for x in arr [ i : i + 4 ] ) for i in range ( 0 , len ( arr ) , 4 ) ]""","25,""[ 1<extra_id_12> '''')<extra_id_2> ( abs ( x ) for x in arr [ i : i + 4 ] ) for i in range ( 0 , len ( arr ) , 4 ) ]""","25,""[ True ( abs ( x ) for x in arr [ i : i + 4 ] ) for i in range ( 0 , len ( arr ) , 4 ) ]""","25,""[ 1,'''''' ( abs ( x ) for x in arr [ i : i + 4 ] ) for i in range ( 0 , len ( arr ) , 4 ) ]""","25,""[ 1<extra_id_8> )<extra_id_10>  ( abs ( x ) for x in arr [ i : i + 4 ] ) for i in range ( 0 , len ( arr ) , 4 ) ]""","25,""[ 1<extra_id_8> )<extra_id_10> ) ( abs ( x ) for x in arr [ i : i + 4 ] ) for i in range ( 0 , len ( arr ) , 4 ) ]""","25,""[ :'''0.0' ( abs ( x ) for x in arr [ i : i + 4 ] ) for i in range ( 0 , len ( arr ) , 4 ) ]""","25,""[ :''''name' ( abs ( x ) for x in arr [ i : i + 4 ] ) for i in range ( 0 , len ( arr ) , 4 ) ]""","25,""[ 1<extra_id_12> ''')<extra_id_2> </s> ( abs ( x ) for x in arr [ i : i + 4 ] ) for i in range ( 0 , len ( arr ) , 4 ) ]""","25,""[ : ( abs ( x ) for x in arr [ i : i + 4 ] ) for i in range ( 0 , len ( arr ) , 4 ) ]""","25,""[ True ( abs ( x ) for x in arr [ i : i + 4 ] ) for i in range ( 0 , len ( arr ) , 4 ) ]""","25,""[ 1<extra_id_12> '')')<extra_id_2> ( abs ( x ) for x in arr [ i : i + 4 ] ) for i in range ( 0 , len ( arr ) , 4 ) ]""","25,""[ 1</s> <pad> <pad> <pad> <pad> <pad> <pad> ( abs ( x ) for x in arr [ i : i + 4 ] ) for i in range ( 0 , len ( arr ) , 4 ) ]""","25,""[ :''0.0' ( abs ( x ) for x in arr [ i : i + 4 ] ) for i in range ( 0 , len ( arr ) , 4 ) ]""","25,""[ :'''name' ( abs ( x ) for x in arr [ i : i + 4 ] ) for i in range ( 0 , len ( arr ) , 4 ) ]""","25,""[ 1<extra_id_12> ''1')<extra_id_2> ( abs ( x ) for x in arr [ i : i + 4 ] ) for i in range ( 0 , len ( arr ) , 4 ) ]""","25,""[ :'name' ( abs ( x ) for x in arr [ i : i + 4 ] ) for i in range ( 0 , len ( arr ) , 4 ) ]""","25,""[ 1<extra_id_8> )<extra_id_10>  ( abs ( x ) for x in arr [ i : i + 4 ] ) for i in range ( 0 , len ( arr ) , 4 ) ]"""
"26,""</s> <pad> <pad> <pad> <pad> <pad> <pad> <pad>_item = max ( a_list , key = operator . itemgetter ( 1 ) )""","26,""adersingIOError_item = max ( a_list , key = operator . itemgetter ( 1 ) )""","26,""aderstesIOError_item = max ( a_list , key = operator . itemgetter ( 1 ) )""","26,""adersingIOmsgingIO_item = max ( a_list , key = operator . itemgetter ( 1 ) )""","26,""adersError as err_item = max ( a_list , key = operator . itemgetter ( 1 ) )""","26,""adersingIOadersErr_item = max ( a_list , key = operator . itemgetter ( 1 ) )""","26,""adersViewError_item = max ( a_list , key = operator . itemgetter ( 1 ) )""","26,""adersteredError_item = max ( a_list , key = operator . itemgetter ( 1 ) )""","26,""adersceptionError_item = max ( a_list , key = operator . itemgetter ( 1 ) )""","26,""adersingIOheader_item = max ( a_list , key = operator . itemgetter ( 1 ) )""","26,""adersingIOmitError_item = max ( a_list , key = operator . itemgetter ( 1 ) )""","26,""adersorizedError_item = max ( a_list , key = operator . itemgetter ( 1 ) )""","26,""adersingError_item = max ( a_list , key = operator . itemgetter ( 1 ) )""","26,""adingIOmsgError_item = max ( a_list , key = operator . itemgetter ( 1 ) )""","26,""adersingIOewError_item = max ( a_list , key = operator . itemgetter ( 1 ) )""","26,""adersError_item = max ( a_list , key = operator . itemgetter ( 1 ) )""","26,""adersingIOtifulor_item = max ( a_list , key = operator . itemgetter ( 1 ) )""","26,""adingIOadersError_item = max ( a_list , key = operator . itemgetter ( 1 ) )""","26,""adersterError_item = max ( a_list , key = operator . itemgetter ( 1 ) )""","26,""adersingIOheaders_item = max ( a_list , key = operator . itemgetter ( 1 ) )"""
"27,""</s> <pad> <pad> <pad> <pad> <pad> <pad> <pad> ( a_list , key = operator . itemgetter ( 1 ) )""","27,""adersingIOError ( a_list , key = operator . itemgetter ( 1 ) )""","27,""aderstesIOError ( a_list , key = operator . itemgetter ( 1 ) )""","27,""adersViewError ( a_list , key = operator . itemgetter ( 1 ) )""","27,""adersingIOmsgingIO ( a_list , key = operator . itemgetter ( 1 ) )""","27,""adersteredError ( a_list , key = operator . itemgetter ( 1 ) )""","27,""adersingIOadersErr ( a_list , key = operator . itemgetter ( 1 ) )""","27,""adersError as err ( a_list , key = operator . itemgetter ( 1 ) )""","27,""adersingError ( a_list , key = operator . itemgetter ( 1 ) )""","27,""adersorizedError ( a_list , key = operator . itemgetter ( 1 ) )""","27,""adersError ( a_list , key = operator . itemgetter ( 1 ) )""","27,""adersterError ( a_list , key = operator . itemgetter ( 1 ) )""","27,""adersceptionError ( a_list , key = operator . itemgetter ( 1 ) )""","27,""aderstesError ( a_list , key = operator . itemgetter ( 1 ) )""","27,""adersingIOtifulor ( a_list , key = operator . itemgetter ( 1 ) )""","27,""adersingIOheader ( a_list , key = operator . itemgetter ( 1 ) )""","27,""adersingIOmitError ( a_list , key = operator . itemgetter ( 1 ) )""","27,""adersingIOheaders ( a_list , key = operator . itemgetter ( 1 ) )""","27,""adersMeewError ( a_list , key = operator . itemgetter ( 1 ) )""","27,""adersingIOewError ( a_list , key = operator . itemgetter ( 1 ) )"""
"28,""pandas . read_csv ( filename , sep = '\t' , lineter</s> <pad> <pad> <pad> <pad> <pad> <pad> <pad>ator = '\r' )""","28,""pandas . read_csv ( filename , sep = '\t' , lineteradersingIOErrorator = '\r' )""","28,""pandas . read_csv ( filename , sep = '\t' , lineteraderstesIOErrorator = '\r' )""","28,""pandas . read_csv ( filename , sep = '\t' , lineteradersteredErrorator = '\r' )""","28,""pandas . read_csv ( filename , sep = '\t' , lineteraderstesErrorator = '\r' )""","28,""pandas . read_csv ( filename , sep = '\t' , lineteradersingIOadersErrator = '\r' )""","28,""pandas . read_csv ( filename , sep = '\t' , lineteradersingIOmsgingIOator = '\r' )""","28,""pandas . read_csv ( filename , sep = '\t' , lineteradersterErrorator = '\r' )""","28,""pandas . read_csv ( filename , sep = '\t' , lineteradersorizedErrorator = '\r' )""","28,""pandas . read_csv ( filename , sep = '\t' , lineteradersingErrorator = '\r' )""","28,""pandas . read_csv ( filename , sep = '\t' , lineteradersTestErrorator = '\r' )""","28,""pandas . read_csv ( filename , sep = '\t' , lineteradersceptionErrorator = '\r' )""","28,""pandas . read_csv ( filename , sep = '\t' , lineteradersingIOheaderator = '\r' )""","28,""pandas . read_csv ( filename , sep = '\t' , lineteradersErrorator = '\r' )""","28,""pandas . read_csv ( filename , sep = '\t' , lineteradersError as errator = '\r' )""","28,""pandas . read_csv ( filename , sep = '\t' , lineteradersingIOtifulorator = '\r' )""","28,""pandas . read_csv ( filename , sep = '\t' , lineteradersingIOmitErrorator = '\r' )""","28,""pandas . read_csv ( filename , sep = '\t' , lineteraderstesterErrorator = '\r' )""","28,""pandas . read_csv ( filename , sep = '\t' , lineteradersingIOheadersator = '\r' )""","28,""pandas . read_csv ( filename , sep = '\t' , lineteradersingIOewErrorator = '\r' )"""
"29,webbrowser . open ( 'http://somesite.com/ad</s> <pad> <pad> <pad> <pad> <pad> <pad> <pad>panel/index.php' )","29,webbrowser . open ( 'http://somesite.com/ad1,''''''panel/index.php' )","29,webbrowser . open ( 'http://somesite.com/ad1</s> <pad> <pad> <pad> <pad> <pad> <pad>panel/index.php' )","29,webbrowser . open ( 'http://somesite.com/adTruepanel/index.php' )","29,webbrowser . open ( 'http://somesite.com/ad1<extra_id_8> ''<extra_id_5> '<extra_id_10> 'panel/index.php' )","29,webbrowser . open ( 'http://somesite.com/ad1<extra_id_8> ''<extra_id_10> '<extra_id_10> 'panel/index.php' )","29,webbrowser . open ( 'http://somesite.com/ad1<extra_id_8> ' ''<extra_id_12> '<extra_id_2>panel/index.php' )","29,webbrowser . open ( 'http://somesite.com/ad1<extra_id_8> ''<extra_id_9> '<extra_id_10> 'panel/index.php' )","29,webbrowser . open ( 'http://somesite.com/ad1<extra_id_8> ' ' ''<extra_id_10> 'panel/index.php' )","29,webbrowser . open ( 'http://somesite.com/ad1<extra_id_8> ' ''<extra_id_10> '<extra_id_2>panel/index.php' )","29,webbrowser . open ( 'http://somesite.com/ad1<extra_id_8> ' ' ' ''<extra_id_2>panel/index.php' )","29,webbrowser . open ( 'http://somesite.com/ad1<extra_id_8> ' ''<extra_id_5> '<extra_id_2>panel/index.php' )","29,webbrowser . open ( 'http://somesite.com/adTrue<extra_id_5> panel/index.php' )","29,webbrowser . open ( 'http://somesite.com/ad1,'''' ''panel/index.php' )","29,webbrowser . open ( 'http://somesite.com/ad1<extra_id_18> ']====panel/index.php' )","29,webbrowser . open ( 'http://somesite.com/ad1,'''''</s>panel/index.php' )","29,webbrowser . open ( 'http://somesite.com/ad1<extra_id_8> ' ' ' ' ''panel/index.php' )","29,webbrowser . open ( 'http://somesite.com/ad1<extra_id_8> 1<extra_id_12> '<extra_id_5> '<extra_id_2>panel/index.php' )","29,webbrowser . open ( 'http://somesite.com/ad1<extra_id_8> ' ''<extra_id_9> '<extra_id_2>panel/index.php' )","29,webbrowser . open ( 'http://somesite.com/ad1,':',':panel/index.php' )"
"30,""</s> <pad> <pad> <pad> <pad> <pad> <pad> <pad> ( myList , key = lambda x : abs ( x - myNumber ) )""","30,""adersingIOError ( myList , key = lambda x : abs ( x - myNumber ) )""","30,""adersError ( myList , key = lambda x : abs ( x - myNumber ) )""","30,""adersteredError ( myList , key = lambda x : abs ( x - myNumber ) )""","30,""adersViewError ( myList , key = lambda x : abs ( x - myNumber ) )""","30,""aderstesIOError ( myList , key = lambda x : abs ( x - myNumber ) )""","30,""adersterError ( myList , key = lambda x : abs ( x - myNumber ) )""","30,""adersTestError ( myList , key = lambda x : abs ( x - myNumber ) )""","30,""aderstesError ( myList , key = lambda x : abs ( x - myNumber ) )""","30,""adersingError ( myList , key = lambda x : abs ( x - myNumber ) )""","30,""tributeError ( myList , key = lambda x : abs ( x - myNumber ) )""","30,""adersTagError ( myList , key = lambda x : abs ( x - myNumber ) )""","30,""adersError ( myList , key = lambda x : abs ( x - myNumber ) )""","30,""adersmentedError ( myList , key = lambda x : abs ( x - myNumber ) )""","30,""adersedError ( myList , key = lambda x : abs ( x - myNumber ) )""","30,""adersTensError ( myList , key = lambda x : abs ( x - myNumber ) )""","30,""adersueError ( myList , key = lambda x : abs ( x - myNumber ) )""","30,""adersErrorsError ( myList , key = lambda x : abs ( x - myNumber ) )""","30,""adersingIOheaders ( myList , key = lambda x : abs ( x - myNumber ) )""","30,""adersError as err ( myList , key = lambda x : abs ( x - myNumber ) )"""
"31,</s> <pad> <pad> <pad> <pad> <pad> <pad> <pad> ( len ( word ) for word in i )","31,adersingIOError ( len ( word ) for word in i )","31,aderstesIOError ( len ( word ) for word in i )","31,aderstesError ( len ( word ) for word in i )","31,adersViewError ( len ( word ) for word in i )","31,adersteredError ( len ( word ) for word in i )","31,adersError ( len ( word ) for word in i )","31,adersterError ( len ( word ) for word in i )","31,adersingError ( len ( word ) for word in i )","31,adersingIOadersErr ( len ( word ) for word in i )","31,adersTestError ( len ( word ) for word in i )","31,adersingIOmsgingIO ( len ( word ) for word in i )","31,adersteseyError ( len ( word ) for word in i )","31,adersMeewError ( len ( word ) for word in i )","31,adersingIOheaders ( len ( word ) for word in i )","31,adersorizedError ( len ( word ) for word in i )","31,adersingIOheader ( len ( word ) for word in i )","31,adersceptionError ( len ( word ) for word in i )","31,adersError as err ( len ( word ) for word in i )","31,adersTensError ( len ( word ) for word in i )"
"32,""len ( </s> <pad> <pad> <pad> <pad> <pad> <pad> <pad> ( i , key = len ) )""","32,""len ( adersingIOError ( i , key = len ) )""","32,""len ( aderstesIOError ( i , key = len ) )""","32,""len ( adersViewError ( i , key = len ) )""","32,""len ( adersError ( i , key = len ) )""","32,""len ( adersteredError ( i , key = len ) )""","32,""len ( adersterError ( i , key = len ) )""","32,""len ( aderstesError ( i , key = len ) )""","32,""len ( adersingError ( i , key = len ) )""","32,""len ( adersTestError ( i , key = len ) )""","32,""len ( adersingIOmsgingIO ( i , key = len ) )""","32,""len ( adersingIOadersErr ( i , key = len ) )""","32,""len ( adersMeewError ( i , key = len ) )""","32,""len ( adersingIOheaders ( i , key = len ) )""","32,""len ( adersError as err ( i , key = len ) )""","32,""len ( adersTensError ( i , key = len ) )""","32,""len ( adersingIOtifulor ( i , key = len ) )""","32,""len ( adersingIOewError ( i , key = len ) )""","32,""len ( adersteseyError ( i , key = len ) )""","32,""len ( adersTagError ( i , key = len ) )"""
"33,""d . apply ( lambda row : </s> <pad> <pad> <pad> <pad> <pad> <pad> <pad> ( [ row [ 'A' ] , row [ 'B' ] ] ) - row [ 'C' ] , axis = 1 )""","33,""d . apply ( lambda row : adersingIOError ( [ row [ 'A' ] , row [ 'B' ] ] ) - row [ 'C' ] , axis = 1 )""","33,""d . apply ( lambda row : adersError ( [ row [ 'A' ] , row [ 'B' ] ] ) - row [ 'C' ] , axis = 1 )""","33,""d . apply ( lambda row : adersViewError ( [ row [ 'A' ] , row [ 'B' ] ] ) - row [ 'C' ] , axis = 1 )""","33,""d . apply ( lambda row : adersteredError ( [ row [ 'A' ] , row [ 'B' ] ] ) - row [ 'C' ] , axis = 1 )""","33,""d . apply ( lambda row : adersTestError ( [ row [ 'A' ] , row [ 'B' ] ] ) - row [ 'C' ] , axis = 1 )""","33,""d . apply ( lambda row : aderstesIOError ( [ row [ 'A' ] , row [ 'B' ] ] ) - row [ 'C' ] , axis = 1 )""","33,""d . apply ( lambda row : aderstesError ( [ row [ 'A' ] , row [ 'B' ] ] ) - row [ 'C' ] , axis = 1 )""","33,""d . apply ( lambda row : adersingError ( [ row [ 'A' ] , row [ 'B' ] ] ) - row [ 'C' ] , axis = 1 )""","33,""d . apply ( lambda row : adersterError ( [ row [ 'A' ] , row [ 'B' ] ] ) - row [ 'C' ] , axis = 1 )""","33,""d . apply ( lambda row : adersTagError ( [ row [ 'A' ] , row [ 'B' ] ] ) - row [ 'C' ] , axis = 1 )""","33,""d . apply ( lambda row : adersmentedError ( [ row [ 'A' ] , row [ 'B' ] ] ) - row [ 'C' ] , axis = 1 )""","33,""d . apply ( lambda row : adersTensError ( [ row [ 'A' ] , row [ 'B' ] ] ) - row [ 'C' ] , axis = 1 )""","33,""d . apply ( lambda row : adersedError ( [ row [ 'A' ] , row [ 'B' ] ] ) - row [ 'C' ] , axis = 1 )""","33,""d . apply ( lambda row : adersError ( [ row [ 'A' ] , row [ 'B' ] ] ) - row [ 'C' ] , axis = 1 )""","33,""d . apply ( lambda row : adersueError ( [ row [ 'A' ] , row [ 'B' ] ] ) - row [ 'C' ] , axis = 1 )""","33,""d . apply ( lambda row : adersTokError ( [ row [ 'A' ] , row [ 'B' ] ] ) - row [ 'C' ] , axis = 1 )""","33,""d . apply ( lambda row : adersingIOheaders ( [ row [ 'A' ] , row [ 'B' ] ] ) - row [ 'C' ] , axis = 1 )""","33,""d . apply ( lambda row : tributeError ( [ row [ 'A' ] , row [ 'B' ] ] ) - row [ 'C' ] , axis = 1 )""","33,""d . apply ( lambda row : adersErrorsError ( [ row [ 'A' ] , row [ 'B' ] ] ) - row [ 'C' ] , axis = 1 )"""
"34,""quadmesh . set_clim ( v</s> <pad> <pad> <pad> <pad> <pad> <pad> <pad> = 0 , vmax = 15 )""","34,""quadmesh . set_clim ( vadersingIOError = 0 , vmax = 15 )""","34,""quadmesh . set_clim ( vaderstesIOError = 0 , vmax = 15 )""","34,""quadmesh . set_clim ( vadersError as err = 0 , vmax = 15 )""","34,""quadmesh . set_clim ( vadersingIOmsgingIO = 0 , vmax = 15 )""","34,""quadmesh . set_clim ( vadersingIOadersErr = 0 , vmax = 15 )""","34,""quadmesh . set_clim ( vadersViewError = 0 , vmax = 15 )""","34,""quadmesh . set_clim ( vadersceptionError = 0 , vmax = 15 )""","34,""quadmesh . set_clim ( vadersingError = 0 , vmax = 15 )""","34,""quadmesh . set_clim ( vadersteredError = 0 , vmax = 15 )""","34,""quadmesh . set_clim ( vadersingIOmitError = 0 , vmax = 15 )""","34,""quadmesh . set_clim ( vadingIOmsgError = 0 , vmax = 15 )""","34,""quadmesh . set_clim ( vadersingIOheader = 0 , vmax = 15 )""","34,""quadmesh . set_clim ( vadersingIOewError = 0 , vmax = 15 )""","34,""quadmesh . set_clim ( vadingIOadersError = 0 , vmax = 15 )""","34,""quadmesh . set_clim ( vadersingIOheaders = 0 , vmax = 15 )""","34,""quadmesh . set_clim ( vadersingIOeroError = 0 , vmax = 15 )""","34,""quadmesh . set_clim ( vadersingIOtifulor = 0 , vmax = 15 )""","34,""quadmesh . set_clim ( vadersingIOIOError = 0 , vmax = 15 )""","34,""quadmesh . set_clim ( vadersError = 0 , vmax = 15 )"""
"35,""df . groupby ( [ 'col5' , 'col2' ] ) . size ( ) . groupby ( level = 1 ) . </s> <pad> <pad> <pad> <pad> <pad> <pad> <pad> ( )""","35,""df . groupby ( [ 'col5' , 'col2' ] ) . size ( ) . groupby ( level = 1 ) . adersingIOError ( )""","35,""df . groupby ( [ 'col5' , 'col2' ] ) . size ( ) . groupby ( level = 1 ) . aderstesIOError ( )""","35,""df . groupby ( [ 'col5' , 'col2' ] ) . size ( ) . groupby ( level = 1 ) . adersViewError ( )""","35,""df . groupby ( [ 'col5' , 'col2' ] ) . size ( ) . groupby ( level = 1 ) . adersteredError ( )""","35,""df . groupby ( [ 'col5' , 'col2' ] ) . size ( ) . groupby ( level = 1 ) . adersingIOmsgingIO ( )""","35,""df . groupby ( [ 'col5' , 'col2' ] ) . size ( ) . groupby ( level = 1 ) . adersError ( )""","35,""df . groupby ( [ 'col5' , 'col2' ] ) . size ( ) . groupby ( level = 1 ) . adersingError ( )""","35,""df . groupby ( [ 'col5' , 'col2' ] ) . size ( ) . groupby ( level = 1 ) . adersterError ( )""","35,""df . groupby ( [ 'col5' , 'col2' ] ) . size ( ) . groupby ( level = 1 ) . aderstesError ( )""","35,""df . groupby ( [ 'col5' , 'col2' ] ) . size ( ) . groupby ( level = 1 ) . adersingIOadersErr ( )""","35,""df . groupby ( [ 'col5' , 'col2' ] ) . size ( ) . groupby ( level = 1 ) . adersTestError ( )""","35,""df . groupby ( [ 'col5' , 'col2' ] ) . size ( ) . groupby ( level = 1 ) . adersingIOheaders ( )""","35,""df . groupby ( [ 'col5' , 'col2' ] ) . size ( ) . groupby ( level = 1 ) . adersError as err ( )""","35,""df . groupby ( [ 'col5' , 'col2' ] ) . size ( ) . groupby ( level = 1 ) . adersceptionError ( )""","35,""df . groupby ( [ 'col5' , 'col2' ] ) . size ( ) . groupby ( level = 1 ) . adersMeewError ( )""","35,""df . groupby ( [ 'col5' , 'col2' ] ) . size ( ) . groupby ( level = 1 ) . adersingIOmitError ( )""","35,""df . groupby ( [ 'col5' , 'col2' ] ) . size ( ) . groupby ( level = 1 ) . adersingIOheader ( )""","35,""df . groupby ( [ 'col5' , 'col2' ] ) . size ( ) . groupby ( level = 1 ) . adersingIOmsging ( )""","35,""df . groupby ( [ 'col5' , 'col2' ] ) . size ( ) . groupby ( level = 1 ) . adersingIOtifulor ( )"""
"36,""</s> <pad> <pad> <pad> <pad> <pad> <pad> <pad> ( enumerate ( a ) , key = lambda x : x [ 1 ] ) [ 0 ]""","36,""adersingIOError ( enumerate ( a ) , key = lambda x : x [ 1 ] ) [ 0 ]""","36,""adersError ( enumerate ( a ) , key = lambda x : x [ 1 ] ) [ 0 ]""","36,""adersteredError ( enumerate ( a ) , key = lambda x : x [ 1 ] ) [ 0 ]""","36,""adersViewError ( enumerate ( a ) , key = lambda x : x [ 1 ] ) [ 0 ]""","36,""aderstesIOError ( enumerate ( a ) , key = lambda x : x [ 1 ] ) [ 0 ]""","36,""adersTestError ( enumerate ( a ) , key = lambda x : x [ 1 ] ) [ 0 ]""","36,""adersterError ( enumerate ( a ) , key = lambda x : x [ 1 ] ) [ 0 ]""","36,""aderstesError ( enumerate ( a ) , key = lambda x : x [ 1 ] ) [ 0 ]""","36,""adersingError ( enumerate ( a ) , key = lambda x : x [ 1 ] ) [ 0 ]""","36,""adersTagError ( enumerate ( a ) , key = lambda x : x [ 1 ] ) [ 0 ]""","36,""adersmentedError ( enumerate ( a ) , key = lambda x : x [ 1 ] ) [ 0 ]""","36,""adersError ( enumerate ( a ) , key = lambda x : x [ 1 ] ) [ 0 ]""","36,""adersTensError ( enumerate ( a ) , key = lambda x : x [ 1 ] ) [ 0 ]""","36,""adersedError ( enumerate ( a ) , key = lambda x : x [ 1 ] ) [ 0 ]""","36,""adersueError ( enumerate ( a ) , key = lambda x : x [ 1 ] ) [ 0 ]""","36,""tributeError ( enumerate ( a ) , key = lambda x : x [ 1 ] ) [ 0 ]""","36,""adersErrorsError ( enumerate ( a ) , key = lambda x : x [ 1 ] ) [ 0 ]""","36,""adersingIOheaders ( enumerate ( a ) , key = lambda x : x [ 1 ] ) [ 0 ]""","36,""tributeErrorized ( enumerate ( a ) , key = lambda x : x [ 1 ] ) [ 0 ]"""
"37,""np . ma . array ( np . tile ( arr , 2 ) . reshape ( 2 , 3 ) , mask = ~ cond ) . arg</s> <pad> <pad> <pad> <pad> <pad> <pad> <pad> ( axis = 1 )""","37,""np . ma . array ( np . tile ( arr , 2 ) . reshape ( 2 , 3 ) , mask = ~ cond ) . argadersingIOError ( axis = 1 )""","37,""np . ma . array ( np . tile ( arr , 2 ) . reshape ( 2 , 3 ) , mask = ~ cond ) . argaderstesIOError ( axis = 1 )""","37,""np . ma . array ( np . tile ( arr , 2 ) . reshape ( 2 , 3 ) , mask = ~ cond ) . argadersViewError ( axis = 1 )""","37,""np . ma . array ( np . tile ( arr , 2 ) . reshape ( 2 , 3 ) , mask = ~ cond ) . argadersteredError ( axis = 1 )""","37,""np . ma . array ( np . tile ( arr , 2 ) . reshape ( 2 , 3 ) , mask = ~ cond ) . argadersError ( axis = 1 )""","37,""np . ma . array ( np . tile ( arr , 2 ) . reshape ( 2 , 3 ) , mask = ~ cond ) . argaderstesError ( axis = 1 )""","37,""np . ma . array ( np . tile ( arr , 2 ) . reshape ( 2 , 3 ) , mask = ~ cond ) . argadersTestError ( axis = 1 )""","37,""np . ma . array ( np . tile ( arr , 2 ) . reshape ( 2 , 3 ) , mask = ~ cond ) . argadersterError ( axis = 1 )""","37,""np . ma . array ( np . tile ( arr , 2 ) . reshape ( 2 , 3 ) , mask = ~ cond ) . argadersingError ( axis = 1 )""","37,""np . ma . array ( np . tile ( arr , 2 ) . reshape ( 2 , 3 ) , mask = ~ cond ) . argadersceptionError ( axis = 1 )""","37,""np . ma . array ( np . tile ( arr , 2 ) . reshape ( 2 , 3 ) , mask = ~ cond ) . argadersMeewError ( axis = 1 )""","37,""np . ma . array ( np . tile ( arr , 2 ) . reshape ( 2 , 3 ) , mask = ~ cond ) . argadersingIOmsgingIO ( axis = 1 )""","37,""np . ma . array ( np . tile ( arr , 2 ) . reshape ( 2 , 3 ) , mask = ~ cond ) . argadersingIOadersErr ( axis = 1 )""","37,""np . ma . array ( np . tile ( arr , 2 ) . reshape ( 2 , 3 ) , mask = ~ cond ) . argadersingIOheaders ( axis = 1 )""","37,""np . ma . array ( np . tile ( arr , 2 ) . reshape ( 2 , 3 ) , mask = ~ cond ) . argadersTagError ( axis = 1 )""","37,""np . ma . array ( np . tile ( arr , 2 ) . reshape ( 2 , 3 ) , mask = ~ cond ) . argadersTensError ( axis = 1 )""","37,""np . ma . array ( np . tile ( arr , 2 ) . reshape ( 2 , 3 ) , mask = ~ cond ) . argadersteseyError ( axis = 1 )""","37,""np . ma . array ( np . tile ( arr , 2 ) . reshape ( 2 , 3 ) , mask = ~ cond ) . argadersingIOtifulor ( axis = 1 )""","37,""np . ma . array ( np . tile ( arr , 2 ) . reshape ( 2 , 3 ) , mask = ~ cond ) . argadersmentedError ( axis = 1 )"""
"38,""</s> <pad> <pad> <pad> <pad> <pad> <pad> <pad> ( lst , key = lambda x : x [ 'score' ] )""","38,""adersingIOError ( lst , key = lambda x : x [ 'score' ] )""","38,""aderstesIOError ( lst , key = lambda x : x [ 'score' ] )""","38,""adersteredError ( lst , key = lambda x : x [ 'score' ] )""","38,""adersTestError ( lst , key = lambda x : x [ 'score' ] )""","38,""adersError ( lst , key = lambda x : x [ 'score' ] )""","38,""adersTagError ( lst , key = lambda x : x [ 'score' ] )""","38,""aderstesError ( lst , key = lambda x : x [ 'score' ] )""","38,""adersterError ( lst , key = lambda x : x [ 'score' ] )""","38,""adersTensError ( lst , key = lambda x : x [ 'score' ] )""","38,""adersError as err ( lst , key = lambda x : x [ 'score' ] )""","38,""adersingError ( lst , key = lambda x : x [ 'score' ] )""","38,""adersErrorsError ( lst , key = lambda x : x [ 'score' ] )""","38,""adersTokError ( lst , key = lambda x : x [ 'score' ] )""","38,""adersTaskError ( lst , key = lambda x : x [ 'score' ] )""","38,""aderstesterError ( lst , key = lambda x : x [ 'score' ] )""","38,""adersError ( lst , key = lambda x : x [ 'score' ] )""","38,""adersingIOheaders ( lst , key = lambda x : x [ 'score' ] )""","38,""adersingIOmsgrid ( lst , key = lambda x : x [ 'score' ] )""","38,""adersingIOtaError ( lst , key = lambda x : x [ 'score' ] )"""
"39,""pandas . set_option ( 'display.</s> <pad> <pad> <pad> <pad> <pad> <pad> <pad>_columns' , 7 )""","39,""pandas . set_option ( 'display.adersingIOError_columns' , 7 )""","39,""pandas . set_option ( 'display.aderstesIOError_columns' , 7 )""","39,""pandas . set_option ( 'display.adersteredError_columns' , 7 )""","39,""pandas . set_option ( 'display.adersingIOmsgingIO_columns' , 7 )""","39,""pandas . set_option ( 'display.aderstesError_columns' , 7 )""","39,""pandas . set_option ( 'display.adersingIOadersErr_columns' , 7 )""","39,""pandas . set_option ( 'display.adersterError_columns' , 7 )""","39,""pandas . set_option ( 'display.adersTestError_columns' , 7 )""","39,""pandas . set_option ( 'display.adersError as err_columns' , 7 )""","39,""pandas . set_option ( 'display.adersmentedError_columns' , 7 )""","39,""pandas . set_option ( 'display.adersorizedError_columns' , 7 )""","39,""pandas . set_option ( 'display.adersError_columns' , 7 )""","39,""pandas . set_option ( 'display.adersingIOheader_columns' , 7 )""","39,""pandas . set_option ( 'display.adersingIOtifulor_columns' , 7 )""","39,""pandas . set_option ( 'display.adersingError_columns' , 7 )""","39,""pandas . set_option ( 'display.adersingIOewError_columns' , 7 )""","39,""pandas . set_option ( 'display.adersingIOheaders_columns' , 7 )""","39,""pandas . set_option ( 'display.adersingIOmitError_columns' , 7 )""","39,""pandas . set_option ( 'display.adersteseyError_columns' , 7 )"""
"40,""pandas . set_option ( 'display.</s> <pad> <pad> <pad> <pad> <pad> <pad> <pad>_columns' , None )""","40,""pandas . set_option ( 'display.adersingIOError_columns' , None )""","40,""pandas . set_option ( 'display.aderstesIOError_columns' , None )""","40,""pandas . set_option ( 'display.LINEgumentTrueError_columns' , None )""","40,""pandas . set_option ( 'display.adersteredError_columns' , None )""","40,""pandas . set_option ( 'display.adersingIOmsgingIO_columns' , None )""","40,""pandas . set_option ( 'display.adersingIOadersErr_columns' , None )""","40,""pandas . set_option ( 'display.adersterError_columns' , None )""","40,""pandas . set_option ( 'display.adersmentedError_columns' , None )""","40,""pandas . set_option ( 'display.adersorizedError_columns' , None )""","40,""pandas . set_option ( 'display.adersingIOheader_columns' , None )""","40,""pandas . set_option ( 'display.adersError as err_columns' , None )""","40,""pandas . set_option ( 'display.aderstesError_columns' , None )""","40,""pandas . set_option ( 'display.adersTestError_columns' , None )""","40,""pandas . set_option ( 'display.adersceptionError_columns' , None )""","40,""pandas . set_option ( 'display.adersingIOewError_columns' , None )""","40,""pandas . set_option ( 'display.adersError_columns' , None )""","40,""pandas . set_option ( 'display.adersingIOheaders_columns' , None )""","40,""pandas . set_option ( 'display.adersingIOmitError_columns' , None )""","40,""pandas . set_option ( 'display.adersingError_columns' , None )"""
"41,a . index ( </s> <pad> <pad> <pad> <pad> <pad> <pad> <pad> ( a ) )","41,a . index ( adersingIOError ( a ) )","41,a . index ( aderstesIOError ( a ) )","41,a . index ( adersViewError ( a ) )","41,a . index ( aderstesError ( a ) )","41,a . index ( adersteredError ( a ) )","41,a . index ( adersError ( a ) )","41,a . index ( adersterError ( a ) )","41,a . index ( adersingIOmsgingIO ( a ) )","41,a . index ( adersingError ( a ) )","41,a . index ( adersorizedError ( a ) )","41,a . index ( adersingIOheader ( a ) )","41,a . index ( adersingIOadersErr ( a ) )","41,a . index ( adersMeewError ( a ) )","41,a . index ( adersingIOheaders ( a ) )","41,a . index ( adersTestError ( a ) )","41,a . index ( adersingIOmsgrid ( a ) )","41,a . index ( adersteseyError ( a ) )","41,a . index ( adersingIOtifulor ( a ) )","41,a . index ( adersingIOmitError ( a ) )"
"42,""</s> <pad> <pad> <pad> <pad> <pad> <pad> <pad> ( list , key = lambda x : float ( 'inf' ) if math . isnan ( x [ 1 ] ) else x [ 1 ] )""","42,""adersingIOError ( list , key = lambda x : float ( 'inf' ) if math . isnan ( x [ 1 ] ) else x [ 1 ] )""","42,""adersViewError ( list , key = lambda x : float ( 'inf' ) if math . isnan ( x [ 1 ] ) else x [ 1 ] )""","42,""adersError ( list , key = lambda x : float ( 'inf' ) if math . isnan ( x [ 1 ] ) else x [ 1 ] )""","42,""adersteredError ( list , key = lambda x : float ( 'inf' ) if math . isnan ( x [ 1 ] ) else x [ 1 ] )""","42,""adersTestError ( list , key = lambda x : float ( 'inf' ) if math . isnan ( x [ 1 ] ) else x [ 1 ] )""","42,""aderstesIOError ( list , key = lambda x : float ( 'inf' ) if math . isnan ( x [ 1 ] ) else x [ 1 ] )""","42,""adersterError ( list , key = lambda x : float ( 'inf' ) if math . isnan ( x [ 1 ] ) else x [ 1 ] )""","42,""aderstesError ( list , key = lambda x : float ( 'inf' ) if math . isnan ( x [ 1 ] ) else x [ 1 ] )""","42,""adersingError ( list , key = lambda x : float ( 'inf' ) if math . isnan ( x [ 1 ] ) else x [ 1 ] )""","42,""adersTagError ( list , key = lambda x : float ( 'inf' ) if math . isnan ( x [ 1 ] ) else x [ 1 ] )""","42,""adersmentedError ( list , key = lambda x : float ( 'inf' ) if math . isnan ( x [ 1 ] ) else x [ 1 ] )""","42,""adersTensError ( list , key = lambda x : float ( 'inf' ) if math . isnan ( x [ 1 ] ) else x [ 1 ] )""","42,""adersingIOheaders ( list , key = lambda x : float ( 'inf' ) if math . isnan ( x [ 1 ] ) else x [ 1 ] )""","42,""adersedError ( list , key = lambda x : float ( 'inf' ) if math . isnan ( x [ 1 ] ) else x [ 1 ] )""","42,""adersingIOmsgrid ( list , key = lambda x : float ( 'inf' ) if math . isnan ( x [ 1 ] ) else x [ 1 ] )""","42,""adersErrorsError ( list , key = lambda x : float ( 'inf' ) if math . isnan ( x [ 1 ] ) else x [ 1 ] )""","42,""adersError ( list , key = lambda x : float ( 'inf' ) if math . isnan ( x [ 1 ] ) else x [ 1 ] )""","42,""tributeError ( list , key = lambda x : float ( 'inf' ) if math . isnan ( x [ 1 ] ) else x [ 1 ] )""","42,""adersError as err ( list , key = lambda x : float ( 'inf' ) if math . isnan ( x [ 1 ] ) else x [ 1 ] )"""
"43,p . ter</s> <pad> <pad> <pad> <pad> <pad> <pad> <pad>ate ( )","43,p . teradersingIOErrorate ( )","43,p . teraderstesIOErrorate ( )","43,p . teradersteredErrorate ( )","43,p . teraderstesErrorate ( )","43,p . teradersViewErrorate ( )","43,p . teradersErrorate ( )","43,p . teradersterErrorate ( )","43,p . teradersingIOmsgingIOate ( )","43,p . teradersingErrorate ( )","43,p . teradersteseyErrorate ( )","43,p . teradersingIOheaderate ( )","43,p . teradersTestErrorate ( )","43,p . teradersingIOadersErrate ( )","43,p . teradersMeewErrorate ( )","43,p . teradersingIOheadersate ( )","43,p . teradersorizedErrorate ( )","43,p . teradersTensErrorate ( )","43,p . teradersmentedErrorate ( )","43,p . teradersingIOmitErrorate ( )"
"44,""</s> <pad> <pad> <pad> <pad> <pad> <pad> <pad> ( ld , key = lambda d : d [ 'size' ] )""","44,""adersingIOError ( ld , key = lambda d : d [ 'size' ] )""","44,""adersViewError ( ld , key = lambda d : d [ 'size' ] )""","44,""adersError ( ld , key = lambda d : d [ 'size' ] )""","44,""aderstesIOError ( ld , key = lambda d : d [ 'size' ] )""","44,""adersteredError ( ld , key = lambda d : d [ 'size' ] )""","44,""adersTestError ( ld , key = lambda d : d [ 'size' ] )""","44,""adersingError ( ld , key = lambda d : d [ 'size' ] )""","44,""adersterError ( ld , key = lambda d : d [ 'size' ] )""","44,""aderstesError ( ld , key = lambda d : d [ 'size' ] )""","44,""adersTagError ( ld , key = lambda d : d [ 'size' ] )""","44,""adersTensError ( ld , key = lambda d : d [ 'size' ] )""","44,""adersError as err ( ld , key = lambda d : d [ 'size' ] )""","44,""adersmentedError ( ld , key = lambda d : d [ 'size' ] )""","44,""adersueError ( ld , key = lambda d : d [ 'size' ] )""","44,""adersingIOheaders ( ld , key = lambda d : d [ 'size' ] )""","44,""adersteseyError ( ld , key = lambda d : d [ 'size' ] )""","44,""adersusterError ( ld , key = lambda d : d [ 'size' ] )""","44,""adersTokError ( ld , key = lambda d : d [ 'size' ] )""","44,""adersErrorsError ( ld , key = lambda d : d [ 'size' ] )"""
"45,""</s> <pad> <pad> <pad> <pad> <pad> <pad> <pad> ( enumerate ( a ) , key = lambda x : abs ( x [ 1 ] - 11.5 ) )""","45,""adersingIOError ( enumerate ( a ) , key = lambda x : abs ( x [ 1 ] - 11.5 ) )""","45,""adersError ( enumerate ( a ) , key = lambda x : abs ( x [ 1 ] - 11.5 ) )""","45,""adersteredError ( enumerate ( a ) , key = lambda x : abs ( x [ 1 ] - 11.5 ) )""","45,""adersViewError ( enumerate ( a ) , key = lambda x : abs ( x [ 1 ] - 11.5 ) )""","45,""adersTestError ( enumerate ( a ) , key = lambda x : abs ( x [ 1 ] - 11.5 ) )""","45,""adersterError ( enumerate ( a ) , key = lambda x : abs ( x [ 1 ] - 11.5 ) )""","45,""aderstesIOError ( enumerate ( a ) , key = lambda x : abs ( x [ 1 ] - 11.5 ) )""","45,""adersingError ( enumerate ( a ) , key = lambda x : abs ( x [ 1 ] - 11.5 ) )""","45,""aderstesError ( enumerate ( a ) , key = lambda x : abs ( x [ 1 ] - 11.5 ) )""","45,""adersTagError ( enumerate ( a ) , key = lambda x : abs ( x [ 1 ] - 11.5 ) )""","45,""adersError ( enumerate ( a ) , key = lambda x : abs ( x [ 1 ] - 11.5 ) )""","45,""adersmentedError ( enumerate ( a ) , key = lambda x : abs ( x [ 1 ] - 11.5 ) )""","45,""adersedError ( enumerate ( a ) , key = lambda x : abs ( x [ 1 ] - 11.5 ) )""","45,""adersTensError ( enumerate ( a ) , key = lambda x : abs ( x [ 1 ] - 11.5 ) )""","45,""adersueError ( enumerate ( a ) , key = lambda x : abs ( x [ 1 ] - 11.5 ) )""","45,""tributeError ( enumerate ( a ) , key = lambda x : abs ( x [ 1 ] - 11.5 ) )""","45,"".userrortes. ( enumerate ( a ) , key = lambda x : abs ( x [ 1 ] - 11.5 ) )""","45,"".userror. ( enumerate ( a ) , key = lambda x : abs ( x [ 1 ] - 11.5 ) )""","45,""tributeErrorized ( enumerate ( a ) , key = lambda x : abs ( x [ 1 ] - 11.5 ) )"""
"46,df . loc [ df [ 'Value' ] . idx</s> <pad> <pad> <pad> <pad> <pad> <pad> <pad> ( ) ]","46,df . loc [ df [ 'Value' ] . idxadersingIOError ( ) ]","46,df . loc [ df [ 'Value' ] . idxaderstesIOError ( ) ]","46,df . loc [ df [ 'Value' ] . idxadersViewError ( ) ]","46,df . loc [ df [ 'Value' ] . idxadersingIOmsgingIO ( ) ]","46,df . loc [ df [ 'Value' ] . idxadersingIOadersErr ( ) ]","46,df . loc [ df [ 'Value' ] . idxadersingIOheader ( ) ]","46,df . loc [ df [ 'Value' ] . idxaderstesError ( ) ]","46,df . loc [ df [ 'Value' ] . idxadersteredError ( ) ]","46,df . loc [ df [ 'Value' ] . idxadersingError ( ) ]","46,df . loc [ df [ 'Value' ] . idxadersingIOheaders ( ) ]","46,df . loc [ df [ 'Value' ] . idxadersorizedError ( ) ]","46,df . loc [ df [ 'Value' ] . idxadersingIOewError ( ) ]","46,df . loc [ df [ 'Value' ] . idxadersMeewError ( ) ]","46,df . loc [ df [ 'Value' ] . idxadersTestError ( ) ]","46,df . loc [ df [ 'Value' ] . idxadersingIOmitError ( ) ]","46,df . loc [ df [ 'Value' ] . idxadersterError ( ) ]","46,df . loc [ df [ 'Value' ] . idxadersError ( ) ]","46,df . loc [ df [ 'Value' ] . idxadersingIOZError ( ) ]","46,df . loc [ df [ 'Value' ] . idxadersingIOmsgErr ( ) ]"
"47,</s> <pad> <pad> <pad> <pad> <pad> <pad> <pad> ( test_string . rfind ( i ) for i in '([{' )","47,adersingIOError ( test_string . rfind ( i ) for i in '([{' )","47,aderstesIOError ( test_string . rfind ( i ) for i in '([{' )","47,adersteredError ( test_string . rfind ( i ) for i in '([{' )","47,adersingIOmsgingIO ( test_string . rfind ( i ) for i in '([{' )","47,adersingIOadersErr ( test_string . rfind ( i ) for i in '([{' )","47,adersViewError ( test_string . rfind ( i ) for i in '([{' )","47,adersError as err ( test_string . rfind ( i ) for i in '([{' )","47,adersorizedError ( test_string . rfind ( i ) for i in '([{' )","47,adersceptionError ( test_string . rfind ( i ) for i in '([{' )","47,adersingIOmitError ( test_string . rfind ( i ) for i in '([{' )","47,adersterError ( test_string . rfind ( i ) for i in '([{' )","47,adersingError ( test_string . rfind ( i ) for i in '([{' )","47,adersingIOewError ( test_string . rfind ( i ) for i in '([{' )","47,adersingIOheader ( test_string . rfind ( i ) for i in '([{' )","47,adingIOmsgError ( test_string . rfind ( i ) for i in '([{' )","47,adersingIOtifulor ( test_string . rfind ( i ) for i in '([{' )","47,adingIOadersError ( test_string . rfind ( i ) for i in '([{' )","47,adersingIOheaders ( test_string . rfind ( i ) for i in '([{' )","47,adersError ( test_string . rfind ( i ) for i in '([{' )"
"48,""print ( </s> <pad> <pad> <pad> <pad> <pad> <pad> <pad> ( x , key = sum ) )""","48,""print ( adersingIOError ( x , key = sum ) )""","48,""print ( aderstesIOError ( x , key = sum ) )""","48,""print ( adersteredError ( x , key = sum ) )""","48,""print ( adersViewError ( x , key = sum ) )""","48,""print ( aderstesError ( x , key = sum ) )""","48,""print ( adersError ( x , key = sum ) )""","48,""print ( adersterError ( x , key = sum ) )""","48,""print ( adersingIOmsgingIO ( x , key = sum ) )""","48,""print ( adersingError ( x , key = sum ) )""","48,""print ( adersMeewError ( x , key = sum ) )""","48,""print ( adersingIOadersErr ( x , key = sum ) )""","48,""print ( adersTestError ( x , key = sum ) )""","48,""print ( adersingIOheader ( x , key = sum ) )""","48,""print ( adersorizedError ( x , key = sum ) )""","48,""print ( adersteseyError ( x , key = sum ) )""","48,""print ( adersingIOheaders ( x , key = sum ) )""","48,""print ( adersingIOtifulor ( x , key = sum ) )""","48,""print ( adersingIOmitError ( x , key = sum ) )""","48,""print ( adersTensError ( x , key = sum ) )"""
"49,""( t - datetime . timedelta ( hours = 1 , </s> <pad> <pad> <pad> <pad> <pad> <pad> <pad>utes = 10 ) )""","49,""( t - datetime . timedelta ( hours = 1 , aderstesIOErrorutes = 10 ) )""","49,""( t - datetime . timedelta ( hours = 1 , adersingIOErrorutes = 10 ) )""","49,""( t - datetime . timedelta ( hours = 1 , adersViewErrorutes = 10 ) )""","49,""( t - datetime . timedelta ( hours = 1 , aderstesErrorutes = 10 ) )""","49,""( t - datetime . timedelta ( hours = 1 , adersteredErrorutes = 10 ) )""","49,""( t - datetime . timedelta ( hours = 1 , adersErrorutes = 10 ) )""","49,""( t - datetime . timedelta ( hours = 1 , adersterErrorutes = 10 ) )""","49,""( t - datetime . timedelta ( hours = 1 , adersingErrorutes = 10 ) )""","49,""( t - datetime . timedelta ( hours = 1 , adersMeewErrorutes = 10 ) )""","49,""( t - datetime . timedelta ( hours = 1 , adersTestErrorutes = 10 ) )""","49,""( t - datetime . timedelta ( hours = 1 , adersteseyErrorutes = 10 ) )""","49,""( t - datetime . timedelta ( hours = 1 , adersingIOadersErrutes = 10 ) )""","49,""( t - datetime . timedelta ( hours = 1 , adersingIOmsgingIOutes = 10 ) )""","49,""( t - datetime . timedelta ( hours = 1 , adersingIOheaderutes = 10 ) )""","49,""( t - datetime . timedelta ( hours = 1 , adersingIOheadersutes = 10 ) )""","49,""( t - datetime . timedelta ( hours = 1 , adersorizedErrorutes = 10 ) )""","49,""( t - datetime . timedelta ( hours = 1 , adersmentedErrorutes = 10 ) )""","49,""( t - datetime . timedelta ( hours = 1 , aderstesIOIOErrorutes = 10 ) )""","49,""( t - datetime . timedelta ( hours = 1 , adersingIOtifulorutes = 10 ) )"""
