"0,""np . </s> <pad> <pad> <pad> <pad> <pad> <pad> <pad>imum ( [ 2 , 3 , 4 ] , [ 1 , 5 , 2 ] )""","0,""np . 12cross<extra_id_0> <extra_id_0> <extra_id_0> <extra_id_0> <extra_id_0>imum ( [ 2 , 3 , 4 ] , [ 1 , 5 , 2 ] )""","0,""np . "" "" "" "" "" "" """"imum ( [ 2 , 3 , 4 ] , [ 1 , 5 , 2 ] )""","0,""np . "" "" "" "" "" "" "" ""imum ( [ 2 , 3 , 4 ] , [ 1 , 5 , 2 ] )""","0,""np . "" "" "" "" "" """"</s>imum ( [ 2 , 3 , 4 ] , [ 1 , 5 , 2 ] )""","0,""np . 12cross<extra_id_0> <extra_id_0> <extra_id_0> <extra_id_0> </s>imum ( [ 2 , 3 , 4 ] , [ 1 , 5 , 2 ] )""","0,""np . 12cross<extra_id_0> <extra_id_0> <extra_id_0> <extra_id_0> itimum ( [ 2 , 3 , 4 ] , [ 1 , 5 , 2 ] )""","0,""np . Bardy<extra_id_0> <extra_id_0> <extra_id_0> <extra_id_0> <extra_id_0> <extra_id_0>imum ( [ 2 , 3 , 4 ] , [ 1 , 5 , 2 ] )""","0,""np . "" "" "" "" "" "" """")imum ( [ 2 , 3 , 4 ] , [ 1 , 5 , 2 ] )""","0,""np . "" "" "" "" "" "" ""</s>imum ( [ 2 , 3 , 4 ] , [ 1 , 5 , 2 ] )""","0,""np . 12critos<extra_id_0> 12ititimum ( [ 2 , 3 , 4 ] , [ 1 , 5 , 2 ] )""","0,""np . "" "" "" "" """"</s> <pad>imum ( [ 2 , 3 , 4 ] , [ 1 , 5 , 2 ] )""","0,""np . 12critos<extra_id_0> 12rounditimum ( [ 2 , 3 , 4 ] , [ 1 , 5 , 2 ] )""","0,""np . Bardy<extra_id_0> <extra_id_0> <extra_id_0> <extra_id_0> <extra_id_0> </s>imum ( [ 2 , 3 , 4 ] , [ 1 , 5 , 2 ] )""","0,""np . 12it/os<extra_id_0> 12ititimum ( [ 2 , 3 , 4 ] , [ 1 , 5 , 2 ] )""","0,""np . 1260itos<extra_id_0> 12rounditimum ( [ 2 , 3 , 4 ] , [ 1 , 5 , 2 ] )""","0,""np . "" "" "" "" "" """")</s>imum ( [ 2 , 3 , 4 ] , [ 1 , 5 , 2 ] )""","0,""np . "" "" "" "" "" ""</s> <pad>imum ( [ 2 , 3 , 4 ] , [ 1 , 5 , 2 ] )""","0,""np . 12cross<extra_id_0> <extra_id_0> <extra_id_0> it</s>imum ( [ 2 , 3 , 4 ] , [ 1 , 5 , 2 ] )""","0,""np . 1216<extra_id_0> cmities<extra_id_0> 12imum ( [ 2 , 3 , 4 ] , [ 1 , 5 , 2 ] )"""
"1,""</s> <pad> <pad> <pad> <pad> <pad> <pad> <pad> ( k for k , v in x . items ( ) if v != 0 )""","1,""8<extra_id_0> </s> <pad> <pad> <pad> <pad> <pad> ( k for k , v in x . items ( ) if v != 0 )""","1,"""" "" "" "" "" "" """" ( k for k , v in x . items ( ) if v != 0 )""","1,"""" "" "" "" "" "" "" "" ( k for k , v in x . items ( ) if v != 0 )""","1,"""" "" "" "" "" """"</s> ( k for k , v in x . items ( ) if v != 0 )""","1,""1260itiesos<extra_id_0> 12it ( k for k , v in x . items ( ) if v != 0 )""","1,""1260itos<extra_id_0> 12itit ( k for k , v in x . items ( ) if v != 0 )""","1,"""" "" "" "" "" "" ""</s> ( k for k , v in x . items ( ) if v != 0 )""","1,""1260itos<extra_id_0> 12roundit ( k for k , v in x . items ( ) if v != 0 )""","1,"""" "" "" "" "" "" """") ( k for k , v in x . items ( ) if v != 0 )""","1,""12critos<extra_id_0> 12itit ( k for k , v in x . items ( ) if v != 0 )""","1,""1260it/<extra_id_0> 12itit ( k for k , v in x . items ( ) if v != 0 )""","1,""1260it/os<extra_id_0> 12it ( k for k , v in x . items ( ) if v != 0 )""","1,""1260itos<extra_id_0> 12it</s> ( k for k , v in x . items ( ) if v != 0 )""","1,""1260itok 12ititit ( k for k , v in x . items ( ) if v != 0 )""","1,""1260it_eos<extra_id_0> e ( k for k , v in x . items ( ) if v != 0 )""","1,""1260it_networknetwork ( k for k , v in x . items ( ) if v != 0 )""","1,""device====== ( k for k , v in x . items ( ) if v != 0 )""","1,""1260it_oke-9e ( k for k , v in x . items ( ) if v != 0 )""","1,""1260it_okeaturee ( k for k , v in x . items ( ) if v != 0 )"""
"2,""</s> <pad> <pad> <pad> <pad> <pad> <pad> <pad> ( k for k , v in x . items ( ) if v != 0 )""","2,""8<extra_id_0> </s> <pad> <pad> <pad> <pad> <pad> ( k for k , v in x . items ( ) if v != 0 )""","2,"""" "" "" "" "" "" """" ( k for k , v in x . items ( ) if v != 0 )""","2,"""" "" "" "" "" "" "" "" ( k for k , v in x . items ( ) if v != 0 )""","2,"""" "" "" "" "" """"</s> ( k for k , v in x . items ( ) if v != 0 )""","2,""1260itiesos<extra_id_0> 12it ( k for k , v in x . items ( ) if v != 0 )""","2,""1260itos<extra_id_0> 12itit ( k for k , v in x . items ( ) if v != 0 )""","2,"""" "" "" "" "" "" ""</s> ( k for k , v in x . items ( ) if v != 0 )""","2,""1260itos<extra_id_0> 12roundit ( k for k , v in x . items ( ) if v != 0 )""","2,"""" "" "" "" "" "" """") ( k for k , v in x . items ( ) if v != 0 )""","2,""12critos<extra_id_0> 12itit ( k for k , v in x . items ( ) if v != 0 )""","2,""1260it/<extra_id_0> 12itit ( k for k , v in x . items ( ) if v != 0 )""","2,""1260it/os<extra_id_0> 12it ( k for k , v in x . items ( ) if v != 0 )""","2,""1260itos<extra_id_0> 12it</s> ( k for k , v in x . items ( ) if v != 0 )""","2,""1260itok 12ititit ( k for k , v in x . items ( ) if v != 0 )""","2,""1260it_eos<extra_id_0> e ( k for k , v in x . items ( ) if v != 0 )""","2,""1260it_networknetwork ( k for k , v in x . items ( ) if v != 0 )""","2,""device====== ( k for k , v in x . items ( ) if v != 0 )""","2,""1260it_oke-9e ( k for k , v in x . items ( ) if v != 0 )""","2,""1260it_okeaturee ( k for k , v in x . items ( ) if v != 0 )"""
"3,""len ( </s> <pad> <pad> <pad> <pad> <pad> <pad> <pad> ( words , key = len ) )""","3,""len ( 12cross<extra_id_0> <extra_id_0> <extra_id_0> <extra_id_0> <extra_id_0> ( words , key = len ) )""","3,""len ( 12cross<extra_id_0> <extra_id_0> <extra_id_0> <extra_id_0> </s> ( words , key = len ) )""","3,""len ( 12cross<extra_id_0> <extra_id_0> <extra_id_0> <extra_id_0> it ( words , key = len ) )""","3,""len ( 12cross<extra_id_0> <extra_id_0> <extra_id_0> <extra_id_0> ag ( words , key = len ) )""","3,""len ( 12cross<extra_id_0> <extra_id_0> <extra_id_0> </s> <pad> ( words , key = len ) )""","3,""len ( 12cross<extra_id_0> <extra_id_0> <extra_id_0> it</s> ( words , key = len ) )""","3,""len ( 8</s> <pad> <pad> <pad> <pad> <pad> <pad> ( words , key = len ) )""","3,""len ( 12it/<extra_id_0> 12ititit ( words , key = len ) )""","3,""len ( 12critos<extra_id_0> 12itit ( words , key = len ) )""","3,""len ( 12cross<extra_id_0> <extra_id_0> <extra_id_0> <extra_id_0> ] ( words , key = len ) )""","3,""len ( 12cross<extra_id_0> <extra_id_0> <extra_id_0> <extra_id_0> <extra_id_2> ( words , key = len ) )""","3,""len ( 12cross<extra_id_0> <extra_id_0> <extra_id_0> <extra_id_0> os ( words , key = len ) )""","3,""len ( 12it/os<extra_id_0> 12itit ( words , key = len ) )""","3,""len ( 12cross<extra_id_0> <extra_id_0> <extra_id_0> <extra_id_0> tion ( words , key = len ) )""","3,""len ( 12crossos<extra_id_0> <extra_id_0> <extra_id_0> <extra_id_0> ( words , key = len ) )""","3,""len ( 12cross<extra_id_0> <extra_id_0> <extra_id_0> <extra_id_0> oll ( words , key = len ) )""","3,""len ( 12cross<extra_id_0> <extra_id_0> <extra_id_0> <extra_id_0> on ( words , key = len ) )""","3,""len ( 12cross<extra_id_0> <extra_id_0> 99<extra_id_0> <extra_id_0> ( words , key = len ) )""","3,""len ( 12critos<extra_id_0> 12roundit ( words , key = len ) )"""
"4,""</s> <pad> <pad> <pad> <pad> <pad> <pad> <pad> ( lis , key = lambda item : item [ 1 ] ) [ 0 ]""","4,""12cross<extra_id_0> <extra_id_0> <extra_id_0> <extra_id_0> <extra_id_0> ( lis , key = lambda item : item [ 1 ] ) [ 0 ]""","4,""12cross<extra_id_0> <extra_id_0> <extra_id_0> <extra_id_0> </s> ( lis , key = lambda item : item [ 1 ] ) [ 0 ]""","4,""12cross<extra_id_0> <extra_id_0> <extra_id_0> <extra_id_0> it ( lis , key = lambda item : item [ 1 ] ) [ 0 ]""","4,""12it/<extra_id_0> 12ititit ( lis , key = lambda item : item [ 1 ] ) [ 0 ]""","4,""12it/os<extra_id_0> 12itit ( lis , key = lambda item : item [ 1 ] ) [ 0 ]""","4,""12critos<extra_id_0> 12itit ( lis , key = lambda item : item [ 1 ] ) [ 0 ]""","4,"""" "" "" "" "" "" """" ( lis , key = lambda item : item [ 1 ] ) [ 0 ]""","4,"""" "" "" "" "" "" "" "" ( lis , key = lambda item : item [ 1 ] ) [ 0 ]""","4,""12crities<extra_id_0> 12itit ( lis , key = lambda item : item [ 1 ] ) [ 0 ]""","4,""12critities<extra_id_0> 12it ( lis , key = lambda item : item [ 1 ] ) [ 0 ]""","4,""12crit/<extra_id_0> 12itit ( lis , key = lambda item : item [ 1 ] ) [ 0 ]""","4,""12crities<extra_id_0> 12roundit ( lis , key = lambda item : item [ 1 ] ) [ 0 ]""","4,""12it//<extra_id_0> 12itit ( lis , key = lambda item : item [ 1 ] ) [ 0 ]""","4,""8<extra_id_0> </s> <pad> <pad> <pad> <pad> <pad> ( lis , key = lambda item : item [ 1 ] ) [ 0 ]""","4,""12crit/os<extra_id_0> 12it ( lis , key = lambda item : item [ 1 ] ) [ 0 ]""","4,""12crities<extra_id_0> 12it</s> ( lis , key = lambda item : item [ 1 ] ) [ 0 ]""","4,""12critos<extra_id_0> 12roundit ( lis , key = lambda item : item [ 1 ] ) [ 0 ]""","4,""8</s> <pad> <pad> <pad> <pad> <pad> <pad> ( lis , key = lambda item : item [ 1 ] ) [ 0 ]""","4,""device====== ( lis , key = lambda item : item [ 1 ] ) [ 0 ]"""
"5,""</s> <pad> <pad> <pad> <pad> <pad> <pad> <pad> ( lis , key = itemgetter ( 1 ) ) [ 0 ]""","5,""8<extra_id_0> </s> <pad> <pad> <pad> <pad> <pad> ( lis , key = itemgetter ( 1 ) ) [ 0 ]""","5,""12cross<extra_id_0> <extra_id_0> <extra_id_0> <extra_id_0> <extra_id_0> ( lis , key = itemgetter ( 1 ) ) [ 0 ]""","5,""12cross<extra_id_0> <extra_id_0> <extra_id_0> <extra_id_0> it ( lis , key = itemgetter ( 1 ) ) [ 0 ]""","5,""12cross<extra_id_0> <extra_id_0> <extra_id_0> <extra_id_0> </s> ( lis , key = itemgetter ( 1 ) ) [ 0 ]""","5,""12critos<extra_id_0> 12itit ( lis , key = itemgetter ( 1 ) ) [ 0 ]""","5,""12it/<extra_id_0> 12ititit ( lis , key = itemgetter ( 1 ) ) [ 0 ]""","5,""12critities<extra_id_0> 12it ( lis , key = itemgetter ( 1 ) ) [ 0 ]""","5,""8</s> <pad> <pad> <pad> <pad> <pad> <pad> ( lis , key = itemgetter ( 1 ) ) [ 0 ]""","5,""12crities<extra_id_0> 12roundit ( lis , key = itemgetter ( 1 ) ) [ 0 ]""","5,""12crities<extra_id_0> 12it</s> ( lis , key = itemgetter ( 1 ) ) [ 0 ]""","5,""12it//<extra_id_0> 12itit ( lis , key = itemgetter ( 1 ) ) [ 0 ]""","5,""12crititos<extra_id_0> 12it ( lis , key = itemgetter ( 1 ) ) [ 0 ]""","5,""12crit/<extra_id_0> 12itit ( lis , key = itemgetter ( 1 ) ) [ 0 ]""","5,""12crit/os<extra_id_0> 12it ( lis , key = itemgetter ( 1 ) ) [ 0 ]""","5,""12it/os<extra_id_0> 12itit ( lis , key = itemgetter ( 1 ) ) [ 0 ]""","5,""12it/<extra_id_0> 12it/it ( lis , key = itemgetter ( 1 ) ) [ 0 ]""","5,""12critit/<extra_id_0> 12it ( lis , key = itemgetter ( 1 ) ) [ 0 ]""","5,"""" "" "" "" "" "" """" ( lis , key = itemgetter ( 1 ) ) [ 0 ]""","5,""12critos<extra_id_0> 12roundit ( lis , key = itemgetter ( 1 ) ) [ 0 ]"""
"6,""b = models . CharField ( </s> <pad> <pad> <pad> <pad> <pad> <pad> <pad>_length = 7 , default = '0000000' , editable = False )""","6,""b = models . CharField ( 8<extra_id_0> </s> <pad> <pad> <pad> <pad> <pad>_length = 7 , default = '0000000' , editable = False )""","6,""b = models . CharField ( "" "" "" "" "" "" "" ""_length = 7 , default = '0000000' , editable = False )""","6,""b = models . CharField ( "" "" "" "" "" "" """"_length = 7 , default = '0000000' , editable = False )""","6,""b = models . CharField ( device======_length = 7 , default = '0000000' , editable = False )""","6,""b = models . CharField ( 1260itos<extra_id_0> 12roundit_length = 7 , default = '0000000' , editable = False )""","6,""b = models . CharField ( 1260itos<extra_id_0> 12itit_length = 7 , default = '0000000' , editable = False )""","6,""b = models . CharField ( device=====<extra_id_2>_length = 7 , default = '0000000' , editable = False )""","6,""b = models . CharField ( 1260it_eos<extra_id_0> e_length = 7 , default = '0000000' , editable = False )""","6,""b = models . CharField ( 1260itok 12ititit_length = 7 , default = '0000000' , editable = False )""","6,""b = models . CharField ( "" "" "" "" "" """"</s>_length = 7 , default = '0000000' , editable = False )""","6,""b = models . CharField ( 1260it_eoseval_length = 7 , default = '0000000' , editable = False )""","6,""b = models . CharField ( "" "" "" "" "" "" """")_length = 7 , default = '0000000' , editable = False )""","6,""b = models . CharField ( 1260it_okeose_length = 7 , default = '0000000' , editable = False )""","6,""b = models . CharField ( "" "" "" "" "" "" ""</s>_length = 7 , default = '0000000' , editable = False )""","6,""b = models . CharField ( 1260it_eatureeval_length = 7 , default = '0000000' , editable = False )""","6,""b = models . CharField ( 1260ititos<extra_id_0> 12it_length = 7 , default = '0000000' , editable = False )""","6,""b = models . CharField ( 1260it_oke-9e_length = 7 , default = '0000000' , editable = False )""","6,""b = models . CharField ( 1260itos<extra_id_0> 12it</s>_length = 7 , default = '0000000' , editable = False )""","6,""b = models . CharField ( 1260itiesos<extra_id_0> 12it_length = 7 , default = '0000000' , editable = False )"""
"7,</s> <pad> <pad> <pad> <pad> <pad> <pad> <pad> ( [ max ( i ) for i in matrix ] )","7,8<extra_id_0> </s> <pad> <pad> <pad> <pad> <pad> ( [ max ( i ) for i in matrix ] )","7,2</s> <pad> <pad> <pad> <pad> <pad> <pad> ( [ max ( i ) for i in matrix ] )","7,8</s> <pad> <pad> <pad> <pad> <pad> <pad> ( [ max ( i ) for i in matrix ] )","7,12ities<extra_id_0> 12ititit ( [ max ( i ) for i in matrix ] )","7,12critos<extra_id_0> 12itit ( [ max ( i ) for i in matrix ] )","7,device====== ( [ max ( i ) for i in matrix ] )","7,12critities<extra_id_0> 12it ( [ max ( i ) for i in matrix ] )","7,12itiesos<extra_id_0> 12itit ( [ max ( i ) for i in matrix ] )","7,12critititititit ( [ max ( i ) for i in matrix ] )","7,12crities<extra_id_0> 12itit ( [ max ( i ) for i in matrix ] )","7,12critos<extra_id_0> 12roundit ( [ max ( i ) for i in matrix ] )","7,12it/os<extra_id_0> 12itit ( [ max ( i ) for i in matrix ] )","7,12crities<extra_id_0> 12roundit ( [ max ( i ) for i in matrix ] )","7,12crititos<extra_id_0> 12it ( [ max ( i ) for i in matrix ] )","7,9</s> <pad> <pad> <pad> <pad> <pad> <pad> ( [ max ( i ) for i in matrix ] )","7,12crit60itititit ( [ max ( i ) for i in matrix ] )","7,12crit_net16<extra_id_0> it ( [ max ( i ) for i in matrix ] )","7,device=====3 ( [ max ( i ) for i in matrix ] )","7,12ities<extra_id_0> 12itit</s> ( [ max ( i ) for i in matrix ] )"
"8,""os . system ( 'gnome-ter</s> <pad> <pad> <pad> <pad> <pad> <pad> <pad>al -e \'bash -c """"sudo apt-get update; exec bash""""\'' )""","8,""os . system ( 'gnome-ter8<extra_id_0> </s> <pad> <pad> <pad> <pad> <pad>al -e \'bash -c """"sudo apt-get update; exec bash""""\'' )""","8,""os . system ( 'gnome-ter"" "" "" "" "" "" "" ""al -e \'bash -c """"sudo apt-get update; exec bash""""\'' )""","8,""os . system ( 'gnome-ter"" "" "" "" "" "" """"al -e \'bash -c """"sudo apt-get update; exec bash""""\'' )""","8,""os . system ( 'gnome-ter12cross<extra_id_0> <extra_id_0> <extra_id_0> <extra_id_0> <extra_id_0>al -e \'bash -c """"sudo apt-get update; exec bash""""\'' )""","8,""os . system ( 'gnome-ter"" "" "" "" "" """"</s>al -e \'bash -c """"sudo apt-get update; exec bash""""\'' )""","8,""os . system ( 'gnome-ter"" "" "" "" "" "" """")al -e \'bash -c """"sudo apt-get update; exec bash""""\'' )""","8,""os . system ( 'gnome-ter"" "" "" "" "" "" ""</s>al -e \'bash -c """"sudo apt-get update; exec bash""""\'' )""","8,""os . system ( 'gnome-ter1260itos<extra_id_0> 12roundital -e \'bash -c """"sudo apt-get update; exec bash""""\'' )""","8,""os . system ( 'gnome-ter1260it_networknetworkal -e \'bash -c """"sudo apt-get update; exec bash""""\'' )""","8,""os . system ( 'gnome-ter"" "" "" "" "" """")</s>al -e \'bash -c """"sudo apt-get update; exec bash""""\'' )""","8,""os . system ( 'gnome-ter"" "" "" "" """"</s> <pad>al -e \'bash -c """"sudo apt-get update; exec bash""""\'' )""","8,""os . system ( 'gnome-ter1260it_futureitedal -e \'bash -c """"sudo apt-get update; exec bash""""\'' )""","8,""os . system ( 'gnome-ter12critos<extra_id_0> 12itital -e \'bash -c """"sudo apt-get update; exec bash""""\'' )""","8,""os . system ( 'gnome-ter12cross<extra_id_0> <extra_id_0> <extra_id_0> <extra_id_0> </s>al -e \'bash -c """"sudo apt-get update; exec bash""""\'' )""","8,""os . system ( 'gnome-ter1260itos<extra_id_0> 12itital -e \'bash -c """"sudo apt-get update; exec bash""""\'' )""","8,""os . system ( 'gnome-ter1260itok 12ititital -e \'bash -c """"sudo apt-get update; exec bash""""\'' )""","8,""os . system ( 'gnome-ter12cross<extra_id_0> <extra_id_0> <extra_id_0> <extra_id_0> ital -e \'bash -c """"sudo apt-get update; exec bash""""\'' )""","8,""os . system ( 'gnome-ter"" "" "" "" "" ""</s> <pad>al -e \'bash -c """"sudo apt-get update; exec bash""""\'' )""","8,""os . system ( 'gnome-ter1260it_eos<extra_id_0> eal -e \'bash -c """"sudo apt-get update; exec bash""""\'' )"""
"9,""max ( x . </s> <pad> <pad> <pad> <pad> <pad> <pad> <pad> ( ) , x . max ( ) , key = abs )""","9,""max ( x . 8<extra_id_0> </s> <pad> <pad> <pad> <pad> <pad> ( ) , x . max ( ) , key = abs )""","9,""max ( x . device====== ( ) , x . max ( ) , key = abs )""","9,""max ( x . device=====<extra_id_2> ( ) , x . max ( ) , key = abs )""","9,""max ( x . device===== ( ) , x . max ( ) , key = abs )""","9,""max ( x . "" "" "" "" "" "" """" ( ) , x . max ( ) , key = abs )""","9,""max ( x . "" "" "" "" "" "" "" "" ( ) , x . max ( ) , key = abs )""","9,""max ( x . 12critos<extra_id_0> 12itit ( ) , x . max ( ) , key = abs )""","9,""max ( x . 12cross<extra_id_0> <extra_id_0> <extra_id_0> <extra_id_0> <extra_id_0> ( ) , x . max ( ) , key = abs )""","9,""max ( x . device=====5 ( ) , x . max ( ) , key = abs )""","9,""max ( x . device=====0 ( ) , x . max ( ) , key = abs )""","9,""max ( x . 12crities<extra_id_0> 12itit ( ) , x . max ( ) , key = abs )""","9,""max ( x . 12critities<extra_id_0> 12it ( ) , x . max ( ) , key = abs )""","9,""max ( x . "" "" "" "" "" """"</s> ( ) , x . max ( ) , key = abs )""","9,""max ( x . 12crities<extra_id_0> 12roundit ( ) , x . max ( ) , key = abs )""","9,""max ( x . device=====3 ( ) , x . max ( ) , key = abs )""","9,""max ( x . device====<extra_id_2> </s> ( ) , x . max ( ) , key = abs )""","9,""max ( x . 1260itiesos<extra_id_0> 12it ( ) , x . max ( ) , key = abs )""","9,""max ( x . "" "" "" "" "" "" ""</s> ( ) , x . max ( ) , key = abs )""","9,""max ( x . "" "" "" "" "" "" """") ( ) , x . max ( ) , key = abs )"""
"10,""datetime . datetime . combine ( my_date , datetime . time . </s> <pad> <pad> <pad> <pad> <pad> <pad> <pad> )""","10,""datetime . datetime . combine ( my_date , datetime . time . 12cross<extra_id_0> <extra_id_0> <extra_id_0> <extra_id_0> <extra_id_0> )""","10,""datetime . datetime . combine ( my_date , datetime . time . 8<extra_id_0> </s> <pad> <pad> <pad> <pad> <pad> )""","10,""datetime . datetime . combine ( my_date , datetime . time . 1260itok 12ititit )""","10,""datetime . datetime . combine ( my_date , datetime . time . 1260itos<extra_id_0> 12roundit )""","10,""datetime . datetime . combine ( my_date , datetime . time . 1260itos<extra_id_0> 12itit )""","10,""datetime . datetime . combine ( my_date , datetime . time . "" "" "" "" "" "" """" )""","10,""datetime . datetime . combine ( my_date , datetime . time . 12cross<extra_id_0> <extra_id_0> <extra_id_0> <extra_id_0> it )""","10,""datetime . datetime . combine ( my_date , datetime . time . 12cross<extra_id_0> <extra_id_0> <extra_id_0> <extra_id_0> </s> )""","10,""datetime . datetime . combine ( my_date , datetime . time . "" "" "" "" "" "" "" "" )""","10,""datetime . datetime . combine ( my_date , datetime . time . 1260itos<extra_id_0> 12it</s> )""","10,""datetime . datetime . combine ( my_date , datetime . time . 1260ititos<extra_id_0> 12it )""","10,""datetime . datetime . combine ( my_date , datetime . time . 12critos<extra_id_0> 12itit )""","10,""datetime . datetime . combine ( my_date , datetime . time . 1260it_eval =<extra_id_2> )""","10,""datetime . datetime . combine ( my_date , datetime . time . 1260it/os<extra_id_0> 12it )""","10,""datetime . datetime . combine ( my_date , datetime . time . 1260it_eos<extra_id_0> e )""","10,""datetime . datetime . combine ( my_date , datetime . time . 1260it_networknetwork )""","10,""datetime . datetime . combine ( my_date , datetime . time . 1260itos<extra_id_0> 12ineit )""","10,""datetime . datetime . combine ( my_date , datetime . time . 1260itos<extra_id_0> 12osit )""","10,""datetime . datetime . combine ( my_date , datetime . time . 1260ititok 12itit )"""
"11,""a [ np . arg</s> <pad> <pad> <pad> <pad> <pad> <pad> <pad> ( a [ : , ( 1 ) ] ) ]""","11,""a [ np . arg8<extra_id_0> </s> <pad> <pad> <pad> <pad> <pad> ( a [ : , ( 1 ) ] ) ]""","11,""a [ np . arg12cross<extra_id_0> <extra_id_0> <extra_id_0> <extra_id_0> <extra_id_0> ( a [ : , ( 1 ) ] ) ]""","11,""a [ np . arg1260itiesos<extra_id_0> 12it ( a [ : , ( 1 ) ] ) ]""","11,""a [ np . arg1260itos<extra_id_0> 12itit ( a [ : , ( 1 ) ] ) ]""","11,""a [ np . arg12critos<extra_id_0> 12itit ( a [ : , ( 1 ) ] ) ]""","11,""a [ np . arg1260itok 12ititit ( a [ : , ( 1 ) ] ) ]""","11,""a [ np . arg"" "" "" "" "" "" """" ( a [ : , ( 1 ) ] ) ]""","11,""a [ np . arg1260itos<extra_id_0> 12roundit ( a [ : , ( 1 ) ] ) ]""","11,""a [ np . arg"" "" "" "" "" "" "" "" ( a [ : , ( 1 ) ] ) ]""","11,""a [ np . arg1260itos<extra_id_0> 12it</s> ( a [ : , ( 1 ) ] ) ]""","11,""a [ np . arg1260it/60ititit ( a [ : , ( 1 ) ] ) ]""","11,""a [ np . arg12crities<extra_id_0> 12roundit ( a [ : , ( 1 ) ] ) ]""","11,""a [ np . arg12cross<extra_id_0> <extra_id_0> <extra_id_0> <extra_id_0> it ( a [ : , ( 1 ) ] ) ]""","11,""a [ np . arg12crities<extra_id_0> 12itit ( a [ : , ( 1 ) ] ) ]""","11,""a [ np . arg1260itiesos<extra_id_0> 12round ( a [ : , ( 1 ) ] ) ]""","11,""a [ np . arg12cross<extra_id_0> <extra_id_0> <extra_id_0> <extra_id_0> </s> ( a [ : , ( 1 ) ] ) ]""","11,""a [ np . arg1260ities<extra_id_0> 12roundit ( a [ : , ( 1 ) ] ) ]""","11,""a [ np . arg6.0<extra_id_0> <extra_id_0> <extra_id_0> <extra_id_0> <extra_id_0> <extra_id_0> <extra_id_0> ( a [ : , ( 1 ) ] ) ]""","11,""a [ np . arg1260it/itititit ( a [ : , ( 1 ) ] ) ]"""
"12,""print ( </s> <pad> <pad> <pad> <pad> <pad> <pad> <pad> ( d , key = lambda x : ( d [ x ] [ 'salary' ] , d [ x ] [ 'bonus' ] ) ) )""","12,""print ( 12cross<extra_id_0> <extra_id_0> <extra_id_0> <extra_id_0> <extra_id_0> ( d , key = lambda x : ( d [ x ] [ 'salary' ] , d [ x ] [ 'bonus' ] ) ) )""","12,""print ( 8<extra_id_0> </s> <pad> <pad> <pad> <pad> <pad> ( d , key = lambda x : ( d [ x ] [ 'salary' ] , d [ x ] [ 'bonus' ] ) ) )""","12,""print ( 12cross<extra_id_0> <extra_id_0> <extra_id_0> <extra_id_0> </s> ( d , key = lambda x : ( d [ x ] [ 'salary' ] , d [ x ] [ 'bonus' ] ) ) )""","12,""print ( 1260itos<extra_id_0> 12roundit ( d , key = lambda x : ( d [ x ] [ 'salary' ] , d [ x ] [ 'bonus' ] ) ) )""","12,""print ( 12cross<extra_id_0> <extra_id_0> <extra_id_0> <extra_id_0> it ( d , key = lambda x : ( d [ x ] [ 'salary' ] , d [ x ] [ 'bonus' ] ) ) )""","12,""print ( 1260itos<extra_id_0> 12itit ( d , key = lambda x : ( d [ x ] [ 'salary' ] , d [ x ] [ 'bonus' ] ) ) )""","12,""print ( 1260it/60ititit ( d , key = lambda x : ( d [ x ] [ 'salary' ] , d [ x ] [ 'bonus' ] ) ) )""","12,""print ( 1260itos<extra_id_0> 12it</s> ( d , key = lambda x : ( d [ x ] [ 'salary' ] , d [ x ] [ 'bonus' ] ) ) )""","12,""print ( 1260it/itititit ( d , key = lambda x : ( d [ x ] [ 'salary' ] , d [ x ] [ 'bonus' ] ) ) )""","12,""print ( 1260itos<extra_id_0> 12ineit ( d , key = lambda x : ( d [ x ] [ 'salary' ] , d [ x ] [ 'bonus' ] ) ) )""","12,""print ( 1260it_eos<extra_id_0> e ( d , key = lambda x : ( d [ x ] [ 'salary' ] , d [ x ] [ 'bonus' ] ) ) )""","12,""print ( 1260it_okeval, ( d , key = lambda x : ( d [ x ] [ 'salary' ] , d [ x ] [ 'bonus' ] ) ) )""","12,""print ( 1260itos<extra_id_0> 1260it ( d , key = lambda x : ( d [ x ] [ 'salary' ] , d [ x ] [ 'bonus' ] ) ) )""","12,""print ( 1260ititos<extra_id_0> 12it ( d , key = lambda x : ( d [ x ] [ 'salary' ] , d [ x ] [ 'bonus' ] ) ) )""","12,""print ( 12crities<extra_id_0> 12roundit ( d , key = lambda x : ( d [ x ] [ 'salary' ] , d [ x ] [ 'bonus' ] ) ) )""","12,""print ( 1260ities<extra_id_0> 12roundit ( d , key = lambda x : ( d [ x ] [ 'salary' ] , d [ x ] [ 'bonus' ] ) ) )""","12,""print ( 126.0<extra_id_0> <extra_id_0> <extra_id_0> <extra_id_0> <extra_id_0> <extra_id_0> ( d , key = lambda x : ( d [ x ] [ 'salary' ] , d [ x ] [ 'bonus' ] ) ) )""","12,""print ( 1260it/os<extra_id_0> 12it ( d , key = lambda x : ( d [ x ] [ 'salary' ] , d [ x ] [ 'bonus' ] ) ) )""","12,""print ( 1260it/<extra_id_0> 12itit ( d , key = lambda x : ( d [ x ] [ 'salary' ] , d [ x ] [ 'bonus' ] ) ) )"""
"13,""np . array ( [ np . arange ( 3 ) , np . arange ( 2 , -1 , -1 ) , np . ones ( ( 3 , ) ) ] ) . </s> <pad> <pad> <pad> <pad> <pad> <pad> <pad> ( axis = 0 )""","13,""np . array ( [ np . arange ( 3 ) , np . arange ( 2 , -1 , -1 ) , np . ones ( ( 3 , ) ) ] ) . 12cross<extra_id_0> <extra_id_0> <extra_id_0> <extra_id_0> <extra_id_0> ( axis = 0 )""","13,""np . array ( [ np . arange ( 3 ) , np . arange ( 2 , -1 , -1 ) , np . ones ( ( 3 , ) ) ] ) . 1260itok 12ititit ( axis = 0 )""","13,""np . array ( [ np . arange ( 3 ) , np . arange ( 2 , -1 , -1 ) , np . ones ( ( 3 , ) ) ] ) . 8<extra_id_0> </s> <pad> <pad> <pad> <pad> <pad> ( axis = 0 )""","13,""np . array ( [ np . arange ( 3 ) , np . arange ( 2 , -1 , -1 ) , np . ones ( ( 3 , ) ) ] ) . 1260itos<extra_id_0> 12roundit ( axis = 0 )""","13,""np . array ( [ np . arange ( 3 ) , np . arange ( 2 , -1 , -1 ) , np . ones ( ( 3 , ) ) ] ) . 12cross<extra_id_0> <extra_id_0> <extra_id_0> <extra_id_0> it ( axis = 0 )""","13,""np . array ( [ np . arange ( 3 ) , np . arange ( 2 , -1 , -1 ) , np . ones ( ( 3 , ) ) ] ) . 12cross<extra_id_0> <extra_id_0> <extra_id_0> <extra_id_0> </s> ( axis = 0 )""","13,""np . array ( [ np . arange ( 3 ) , np . arange ( 2 , -1 , -1 ) , np . ones ( ( 3 , ) ) ] ) . 1260itos<extra_id_0> 12it</s> ( axis = 0 )""","13,""np . array ( [ np . arange ( 3 ) , np . arange ( 2 , -1 , -1 ) , np . ones ( ( 3 , ) ) ] ) . "" "" "" "" "" "" """" ( axis = 0 )""","13,""np . array ( [ np . arange ( 3 ) , np . arange ( 2 , -1 , -1 ) , np . ones ( ( 3 , ) ) ] ) . 1260ititos<extra_id_0> 12it ( axis = 0 )""","13,""np . array ( [ np . arange ( 3 ) , np . arange ( 2 , -1 , -1 ) , np . ones ( ( 3 , ) ) ] ) . "" "" "" "" "" "" "" "" ( axis = 0 )""","13,""np . array ( [ np . arange ( 3 ) , np . arange ( 2 , -1 , -1 ) , np . ones ( ( 3 , ) ) ] ) . 1260itos<extra_id_0> 12itit ( axis = 0 )""","13,""np . array ( [ np . arange ( 3 ) , np . arange ( 2 , -1 , -1 ) , np . ones ( ( 3 , ) ) ] ) . 1260it_eos<extra_id_0> e ( axis = 0 )""","13,""np . array ( [ np . arange ( 3 ) , np . arange ( 2 , -1 , -1 ) , np . ones ( ( 3 , ) ) ] ) . 1260it_okeaturee ( axis = 0 )""","13,""np . array ( [ np . arange ( 3 ) , np . arange ( 2 , -1 , -1 ) , np . ones ( ( 3 , ) ) ] ) . 1260it_oke-9e ( axis = 0 )""","13,""np . array ( [ np . arange ( 3 ) , np . arange ( 2 , -1 , -1 ) , np . ones ( ( 3 , ) ) ] ) . 1260it_okeose ( axis = 0 )""","13,""np . array ( [ np . arange ( 3 ) , np . arange ( 2 , -1 , -1 ) , np . ones ( ( 3 , ) ) ] ) . 12critos<extra_id_0> 12itit ( axis = 0 )""","13,""np . array ( [ np . arange ( 3 ) , np . arange ( 2 , -1 , -1 ) , np . ones ( ( 3 , ) ) ] ) . 1260it_okeite ( axis = 0 )""","13,""np . array ( [ np . arange ( 3 ) , np . arange ( 2 , -1 , -1 ) , np . ones ( ( 3 , ) ) ] ) . 1260ititok 12itit ( axis = 0 )""","13,""np . array ( [ np . arange ( 3 ) , np . arange ( 2 , -1 , -1 ) , np . ones ( ( 3 , ) ) ] ) . 1260it_eatureeval ( axis = 0 )"""
"14,""</s> <pad> <pad> <pad> <pad> <pad> <pad> <pad> ( d , key = lambda x : d [ x ] [ 'count' ] )""","14,""8<extra_id_0> </s> <pad> <pad> <pad> <pad> <pad> ( d , key = lambda x : d [ x ] [ 'count' ] )""","14,""12cross<extra_id_0> <extra_id_0> <extra_id_0> <extra_id_0> <extra_id_0> ( d , key = lambda x : d [ x ] [ 'count' ] )""","14,""1260itos<extra_id_0> 12itit ( d , key = lambda x : d [ x ] [ 'count' ] )""","14,""device====== ( d , key = lambda x : d [ x ] [ 'count' ] )""","14,""device=====<extra_id_2> ( d , key = lambda x : d [ x ] [ 'count' ] )""","14,""1260itos<extra_id_0> 12roundit ( d , key = lambda x : d [ x ] [ 'count' ] )""","14,""1260ititos<extra_id_0> 12it ( d , key = lambda x : d [ x ] [ 'count' ] )""","14,""1260it_eos<extra_id_0> e ( d , key = lambda x : d [ x ] [ 'count' ] )""","14,""1260itos<extra_id_0> 12it</s> ( d , key = lambda x : d [ x ] [ 'count' ] )""","14,"""" "" "" "" "" "" """" ( d , key = lambda x : d [ x ] [ 'count' ] )""","14,"""" "" "" "" "" "" "" "" ( d , key = lambda x : d [ x ] [ 'count' ] )""","14,""1260itiesos<extra_id_0> 12it ( d , key = lambda x : d [ x ] [ 'count' ] )""","14,""1260it_okeval, ( d , key = lambda x : d [ x ] [ 'count' ] )""","14,""1260it_okeose ( d , key = lambda x : d [ x ] [ 'count' ] )""","14,""1260it_eoseval ( d , key = lambda x : d [ x ] [ 'count' ] )""","14,""12cross<extra_id_0> <extra_id_0> <extra_id_0> <extra_id_0> </s> ( d , key = lambda x : d [ x ] [ 'count' ] )""","14,""1260it_networknetwork ( d , key = lambda x : d [ x ] [ 'count' ] )""","14,""1260it_eatureeval ( d , key = lambda x : d [ x ] [ 'count' ] )""","14,""1260itos<extra_id_0> 1260it ( d , key = lambda x : d [ x ] [ 'count' ] )"""
"15,df . columns [ df . </s> <pad> <pad> <pad> <pad> <pad> <pad> <pad> ( ) >  0 ]","15,df . columns [ df . 8<extra_id_0> </s> <pad> <pad> <pad> <pad> <pad> ( ) >  0 ]","15,df . columns [ df . "" "" "" "" "" "" """" ( ) >  0 ]","15,df . columns [ df . "" "" "" "" "" "" "" "" ( ) >  0 ]","15,df . columns [ df . 12cross<extra_id_0> <extra_id_0> <extra_id_0> <extra_id_0> <extra_id_0> ( ) >  0 ]","15,df . columns [ df . "" "" "" "" "" """"</s> ( ) >  0 ]","15,df . columns [ df . 12critos<extra_id_0> 12itit ( ) >  0 ]","15,df . columns [ df . "" "" "" "" "" "" ""</s> ( ) >  0 ]","15,df . columns [ df . "" "" "" "" "" "" """") ( ) >  0 ]","15,df . columns [ df . 12critities<extra_id_0> 12it ( ) >  0 ]","15,df . columns [ df . 12crities<extra_id_0> 12roundit ( ) >  0 ]","15,df . columns [ df . device====== ( ) >  0 ]","15,df . columns [ df . 12crititos<extra_id_0> 12it ( ) >  0 ]","15,df . columns [ df . 12crities<extra_id_0> 12itit ( ) >  0 ]","15,df . columns [ df . 12crit/os<extra_id_0> 12it ( ) >  0 ]","15,df . columns [ df . "" "" "" "" """"</s> <pad> ( ) >  0 ]","15,df . columns [ df . 12cross<extra_id_0> <extra_id_0> <extra_id_0> <extra_id_0> </s> ( ) >  0 ]","15,df . columns [ df . 12crities<extra_id_0> 12it</s> ( ) >  0 ]","15,df . columns [ df . 12crit/<extra_id_0> 12itit ( ) >  0 ]","15,df . columns [ df . device=====<extra_id_2> ( ) >  0 ]"
"16,""print ( </s> <pad> <pad> <pad> <pad> <pad> <pad> <pad> ( 1 , 2 , 3 ) )""","16,""print ( 12cross<extra_id_0> <extra_id_0> <extra_id_0> <extra_id_0> <extra_id_0> ( 1 , 2 , 3 ) )""","16,""print ( 8</s> <pad> <pad> <pad> <pad> <pad> <pad> ( 1 , 2 , 3 ) )""","16,""print ( 12cross<extra_id_0> <extra_id_0> <extra_id_0> <extra_id_0> </s> ( 1 , 2 , 3 ) )""","16,""print ( 12cross<extra_id_0> <extra_id_0> <extra_id_0> <extra_id_0> it ( 1 , 2 , 3 ) )""","16,""print ( 2</s> <pad> <pad> <pad> <pad> <pad> <pad> ( 1 , 2 , 3 ) )""","16,""print ( 12roundities<extra_id_0> 12roundit ( 1 , 2 , 3 ) )""","16,""print ( 9</s> <pad> <pad> <pad> <pad> <pad> <pad> ( 1 , 2 , 3 ) )""","16,""print ( 12it/os<extra_id_0> 12itit ( 1 , 2 , 3 ) )""","16,""print ( 12it/<extra_id_0> 12ititit ( 1 , 2 , 3 ) )""","16,""print ( 8<extra_id_0> </s> <pad> <pad> <pad> <pad> <pad> ( 1 , 2 , 3 ) )""","16,""print ( 12it//<extra_id_0> 12itit ( 1 , 2 , 3 ) )""","16,""print ( 12it/<extra_id_0> 12it/it ( 1 , 2 , 3 ) )""","16,""print ( 12it///<extra_id_0> 12it ( 1 , 2 , 3 ) )""","16,""print ( 12it//os<extra_id_0> 12it ( 1 , 2 , 3 ) )""","16,""print ( 12cross<extra_id_0> <extra_id_0> <extra_id_0> it</s> ( 1 , 2 , 3 ) )""","16,""print ( 12/it///60it ( 1 , 2 , 3 ) )""","16,""print ( 12cross<extra_id_0> <extra_id_0> <extra_id_0> </s> <pad> ( 1 , 2 , 3 ) )""","16,""print ( "" "" "" "" "" "" """" ( 1 , 2 , 3 ) )""","16,""print ( 12cross<extra_id_0> <extra_id_0> <extra_id_0> <extra_id_0> ag ( 1 , 2 , 3 ) )"""
"17,[ </s> <pad> <pad> <pad> <pad> <pad> <pad> <pad> ( len ( str ( x ) ) for x in line ) for line in zip ( * foo ) ]","17,[ 12cross<extra_id_0> <extra_id_0> <extra_id_0> <extra_id_0> <extra_id_0> ( len ( str ( x ) ) for x in line ) for line in zip ( * foo ) ]","17,[ 12cross<extra_id_0> <extra_id_0> <extra_id_0> <extra_id_0> it ( len ( str ( x ) ) for x in line ) for line in zip ( * foo ) ]","17,[ 12cross<extra_id_0> <extra_id_0> <extra_id_0> <extra_id_0> </s> ( len ( str ( x ) ) for x in line ) for line in zip ( * foo ) ]","17,[ 12critos<extra_id_0> 12itit ( len ( str ( x ) ) for x in line ) for line in zip ( * foo ) ]","17,[ 12it/os<extra_id_0> 12itit ( len ( str ( x ) ) for x in line ) for line in zip ( * foo ) ]","17,[ 8</s> <pad> <pad> <pad> <pad> <pad> <pad> ( len ( str ( x ) ) for x in line ) for line in zip ( * foo ) ]","17,[ 12it/<extra_id_0> 12ititit ( len ( str ( x ) ) for x in line ) for line in zip ( * foo ) ]","17,[ 12roundities<extra_id_0> 12roundit ( len ( str ( x ) ) for x in line ) for line in zip ( * foo ) ]","17,[ 12cross<extra_id_0> <extra_id_0> <extra_id_0> it</s> ( len ( str ( x ) ) for x in line ) for line in zip ( * foo ) ]","17,[ 12critos<extra_id_0> 12roundit ( len ( str ( x ) ) for x in line ) for line in zip ( * foo ) ]","17,[ 12cross<extra_id_0> <extra_id_0> <extra_id_0> <extra_id_0> ag ( len ( str ( x ) ) for x in line ) for line in zip ( * foo ) ]","17,[ 12it/<extra_id_0> 12it/it ( len ( str ( x ) ) for x in line ) for line in zip ( * foo ) ]","17,[ 12cross<extra_id_0> <extra_id_0> <extra_id_0> </s> <pad> ( len ( str ( x ) ) for x in line ) for line in zip ( * foo ) ]","17,[ 2</s> <pad> <pad> <pad> <pad> <pad> <pad> ( len ( str ( x ) ) for x in line ) for line in zip ( * foo ) ]","17,[ 12roundities<extra_id_0> 12it</s> ( len ( str ( x ) ) for x in line ) for line in zip ( * foo ) ]","17,[ 12it/<extra_id_0> 12itit</s> ( len ( str ( x ) ) for x in line ) for line in zip ( * foo ) ]","17,[ 1216<extra_id_0> cmities<extra_id_0> 12 ( len ( str ( x ) ) for x in line ) for line in zip ( * foo ) ]","17,[ 12cross<extra_id_0> <extra_id_0> <extra_id_0> <extra_id_0> <extra_id_2> ( len ( str ( x ) ) for x in line ) for line in zip ( * foo ) ]","17,[ 12cross<extra_id_0> <extra_id_0> <extra_id_0> <extra_id_0> ] ( len ( str ( x ) ) for x in line ) for line in zip ( * foo ) ]"
"18,</s> <pad> <pad> <pad> <pad> <pad> <pad> <pad> ( [ x for x in num_list if x >  2 ] )","18,8<extra_id_0> </s> <pad> <pad> <pad> <pad> <pad> ( [ x for x in num_list if x >  2 ] )","18,12cross<extra_id_0> <extra_id_0> <extra_id_0> <extra_id_0> <extra_id_0> ( [ x for x in num_list if x >  2 ] )","18,device====== ( [ x for x in num_list if x >  2 ] )","18,1260itos<extra_id_0> 12roundit ( [ x for x in num_list if x >  2 ] )","18,1260it_eos<extra_id_0> e ( [ x for x in num_list if x >  2 ] )","18,device=====<extra_id_2> ( [ x for x in num_list if x >  2 ] )","18,1260itos<extra_id_0> 12itit ( [ x for x in num_list if x >  2 ] )","18,1260itiesos<extra_id_0> 12it ( [ x for x in num_list if x >  2 ] )","18,"" "" "" "" "" "" """" ( [ x for x in num_list if x >  2 ] )","18,1260itos<extra_id_0> 12it</s> ( [ x for x in num_list if x >  2 ] )","18,"" "" "" "" "" "" "" "" ( [ x for x in num_list if x >  2 ] )","18,12critos<extra_id_0> 12itit ( [ x for x in num_list if x >  2 ] )","18,1260itos<extra_id_0> 1260it ( [ x for x in num_list if x >  2 ] )","18,1260it_eoseval ( [ x for x in num_list if x >  2 ] )","18,1260it_eit,e ( [ x for x in num_list if x >  2 ] )","18,1260it_networknetwork ( [ x for x in num_list if x >  2 ] )","18,1260it/<extra_id_0> 12roundit ( [ x for x in num_list if x >  2 ] )","18,1260itos<extra_id_0> 12os<extra_id_0> ( [ x for x in num_list if x >  2 ] )","18,device=====3 ( [ x for x in num_list if x >  2 ] )"
"19,""</s> <pad> <pad> <pad> <pad> <pad> <pad> <pad> ( dicts , key = lambda x : ( abs ( 1.77672955975 - x [ 'ratio' ] ) , - x [ 'pixels' ] ) )""","19,""12cross<extra_id_0> <extra_id_0> <extra_id_0> <extra_id_0> <extra_id_0> ( dicts , key = lambda x : ( abs ( 1.77672955975 - x [ 'ratio' ] ) , - x [ 'pixels' ] ) )""","19,""8<extra_id_0> </s> <pad> <pad> <pad> <pad> <pad> ( dicts , key = lambda x : ( abs ( 1.77672955975 - x [ 'ratio' ] ) , - x [ 'pixels' ] ) )""","19,""12cross<extra_id_0> <extra_id_0> <extra_id_0> <extra_id_0> it ( dicts , key = lambda x : ( abs ( 1.77672955975 - x [ 'ratio' ] ) , - x [ 'pixels' ] ) )""","19,""12cross<extra_id_0> <extra_id_0> <extra_id_0> <extra_id_0> </s> ( dicts , key = lambda x : ( abs ( 1.77672955975 - x [ 'ratio' ] ) , - x [ 'pixels' ] ) )""","19,""1260itos<extra_id_0> 12roundit ( dicts , key = lambda x : ( abs ( 1.77672955975 - x [ 'ratio' ] ) , - x [ 'pixels' ] ) )""","19,""1260itok 12ititit ( dicts , key = lambda x : ( abs ( 1.77672955975 - x [ 'ratio' ] ) , - x [ 'pixels' ] ) )""","19,""1260itos<extra_id_0> 12itit ( dicts , key = lambda x : ( abs ( 1.77672955975 - x [ 'ratio' ] ) , - x [ 'pixels' ] ) )""","19,""1260itos<extra_id_0> 12it</s> ( dicts , key = lambda x : ( abs ( 1.77672955975 - x [ 'ratio' ] ) , - x [ 'pixels' ] ) )""","19,""1260ititos<extra_id_0> 12it ( dicts , key = lambda x : ( abs ( 1.77672955975 - x [ 'ratio' ] ) , - x [ 'pixels' ] ) )""","19,""6.0<extra_id_0> <extra_id_0> <extra_id_0> <extra_id_0> <extra_id_0> <extra_id_0> <extra_id_0> ( dicts , key = lambda x : ( abs ( 1.77672955975 - x [ 'ratio' ] ) , - x [ 'pixels' ] ) )""","19,""1260itos<extra_id_0> 121,it ( dicts , key = lambda x : ( abs ( 1.77672955975 - x [ 'ratio' ] ) , - x [ 'pixels' ] ) )""","19,""1260itos<extra_id_0> 1260it ( dicts , key = lambda x : ( abs ( 1.77672955975 - x [ 'ratio' ] ) , - x [ 'pixels' ] ) )""","19,""12itos<extra_id_0> 12ititit ( dicts , key = lambda x : ( abs ( 1.77672955975 - x [ 'ratio' ] ) , - x [ 'pixels' ] ) )""","19,""1260itos<extra_id_0> 12osit ( dicts , key = lambda x : ( abs ( 1.77672955975 - x [ 'ratio' ] ) , - x [ 'pixels' ] ) )""","19,""1260itos<extra_id_0> 12ineit ( dicts , key = lambda x : ( abs ( 1.77672955975 - x [ 'ratio' ] ) , - x [ 'pixels' ] ) )""","19,""126.0<extra_id_0> <extra_id_0> <extra_id_0> <extra_id_0> <extra_id_0> <extra_id_0> ( dicts , key = lambda x : ( abs ( 1.77672955975 - x [ 'ratio' ] ) , - x [ 'pixels' ] ) )""","19,""1260it/<extra_id_0> 12itit ( dicts , key = lambda x : ( abs ( 1.77672955975 - x [ 'ratio' ] ) , - x [ 'pixels' ] ) )""","19,""1260it_eval =<extra_id_2> ( dicts , key = lambda x : ( abs ( 1.77672955975 - x [ 'ratio' ] ) , - x [ 'pixels' ] ) )""","19,""1260it_okeval, ( dicts , key = lambda x : ( abs ( 1.77672955975 - x [ 'ratio' ] ) , - x [ 'pixels' ] ) )"""
"20,arr [ arr != 0 ] . </s> <pad> <pad> <pad> <pad> <pad> <pad> <pad> ( )","20,arr [ arr != 0 ] . Bardy<extra_id_0> <extra_id_0> <extra_id_0> <extra_id_0> <extra_id_0> <extra_id_0> ( )","20,arr [ arr != 0 ] . 8</s> <pad> <pad> <pad> <pad> <pad> <pad> ( )","20,arr [ arr != 0 ] . 12critos<extra_id_0> 12itit ( )","20,arr [ arr != 0 ] . "" "" "" "" "" "" """" ( )","20,arr [ arr != 0 ] . 12cross<extra_id_0> <extra_id_0> <extra_id_0> <extra_id_0> <extra_id_0> ( )","20,arr [ arr != 0 ] . Bardy<extra_id_0> <extra_id_0> <extra_id_0> <extra_id_0> <extra_id_0> </s> ( )","20,arr [ arr != 0 ] . "" "" "" "" "" "" "" "" ( )","20,arr [ arr != 0 ] . 1260itos<extra_id_0> 12roundit ( )","20,arr [ arr != 0 ] . 2</s> <pad> <pad> <pad> <pad> <pad> <pad> ( )","20,arr [ arr != 0 ] . 1260it/<extra_id_0> 12itit ( )","20,arr [ arr != 0 ] . 12critos<extra_id_0> 12roundit ( )","20,arr [ arr != 0 ] . 12/60it//60it ( )","20,arr [ arr != 0 ] . 1260it/os<extra_id_0> 12it ( )","20,arr [ arr != 0 ] . "" "" "" "" "" """"</s> ( )","20,arr [ arr != 0 ] . 9</s> <pad> <pad> <pad> <pad> <pad> <pad> ( )","20,arr [ arr != 0 ] . 6.0<extra_id_0> <extra_id_0> <extra_id_0> <extra_id_0> <extra_id_0> <extra_id_0> <extra_id_0> ( )","20,arr [ arr != 0 ] . 1260ities<extra_id_0> 12roundit ( )","20,arr [ arr != 0 ] . 1260itos<extra_id_0> 12it</s> ( )","20,arr [ arr != 0 ] . 12it/os<extra_id_0> 12itit ( )"
"21,""</s> <pad> <pad> <pad> <pad> <pad> <pad> <pad> ( alkaline_earth_values , key = lambda x : x [ 1 ] )""","21,""8<extra_id_0> </s> <pad> <pad> <pad> <pad> <pad> ( alkaline_earth_values , key = lambda x : x [ 1 ] )""","21,""12cross<extra_id_0> <extra_id_0> <extra_id_0> <extra_id_0> <extra_id_0> ( alkaline_earth_values , key = lambda x : x [ 1 ] )""","21,""1260itok 12ititit ( alkaline_earth_values , key = lambda x : x [ 1 ] )""","21,""1260ititos<extra_id_0> 12it ( alkaline_earth_values , key = lambda x : x [ 1 ] )""","21,""1260itos<extra_id_0> 12itit ( alkaline_earth_values , key = lambda x : x [ 1 ] )""","21,""1260itos<extra_id_0> 12roundit ( alkaline_earth_values , key = lambda x : x [ 1 ] )""","21,""device====== ( alkaline_earth_values , key = lambda x : x [ 1 ] )""","21,""1260ititok 12itit ( alkaline_earth_values , key = lambda x : x [ 1 ] )""","21,""1260itititititit ( alkaline_earth_values , key = lambda x : x [ 1 ] )""","21,""1260ititit_network ( alkaline_earth_values , key = lambda x : x [ 1 ] )""","21,""device=====<extra_id_2> ( alkaline_earth_values , key = lambda x : x [ 1 ] )""","21,""1260itos<extra_id_0> 12it</s> ( alkaline_earth_values , key = lambda x : x [ 1 ] )""","21,""1260it_networknetwork ( alkaline_earth_values , key = lambda x : x [ 1 ] )""","21,""1260it/itititit ( alkaline_earth_values , key = lambda x : x [ 1 ] )""","21,""12critos<extra_id_0> 12itit ( alkaline_earth_values , key = lambda x : x [ 1 ] )""","21,""1260it_eos<extra_id_0> e ( alkaline_earth_values , key = lambda x : x [ 1 ] )""","21,""1260itititos<extra_id_0> 12 ( alkaline_earth_values , key = lambda x : x [ 1 ] )""","21,""1260itos<extra_id_0> 12ineit ( alkaline_earth_values , key = lambda x : x [ 1 ] )""","21,""1260it/60ititit ( alkaline_earth_values , key = lambda x : x [ 1 ] )"""
"22,df . groupby ( df . index . map ( lambda t : t . </s> <pad> <pad> <pad> <pad> <pad> <pad> <pad>ute ) )","22,df . groupby ( df . index . map ( lambda t : t . 8<extra_id_0> </s> <pad> <pad> <pad> <pad> <pad>ute ) )","22,df . groupby ( df . index . map ( lambda t : t . 12cross<extra_id_0> <extra_id_0> <extra_id_0> <extra_id_0> <extra_id_0>ute ) )","22,df . groupby ( df . index . map ( lambda t : t . 1260itos<extra_id_0> 12rounditute ) )","22,df . groupby ( df . index . map ( lambda t : t . 1260itos<extra_id_0> 12it</s>ute ) )","22,df . groupby ( df . index . map ( lambda t : t . 1260ititos<extra_id_0> 12itute ) )","22,df . groupby ( df . index . map ( lambda t : t . 12cross<extra_id_0> <extra_id_0> <extra_id_0> <extra_id_0> </s>ute ) )","22,df . groupby ( df . index . map ( lambda t : t . 1260itos<extra_id_0> 12ititute ) )","22,df . groupby ( df . index . map ( lambda t : t . 12cross<extra_id_0> <extra_id_0> <extra_id_0> <extra_id_0> itute ) )","22,df . groupby ( df . index . map ( lambda t : t . 1260itiesos<extra_id_0> 12itute ) )","22,df . groupby ( df . index . map ( lambda t : t . 1260itos<extra_id_0> 12ineitute ) )","22,df . groupby ( df . index . map ( lambda t : t . "" "" "" "" "" "" """"ute ) )","22,df . groupby ( df . index . map ( lambda t : t . 1260itos<extra_id_0> 1260itute ) )","22,df . groupby ( df . index . map ( lambda t : t . "" "" "" "" "" "" "" ""ute ) )","22,df . groupby ( df . index . map ( lambda t : t . 12critos<extra_id_0> 12ititute ) )","22,df . groupby ( df . index . map ( lambda t : t . 1260it_networknetworkute ) )","22,df . groupby ( df . index . map ( lambda t : t . 1260itos<extra_id_0> 121,itute ) )","22,df . groupby ( df . index . map ( lambda t : t . 1260it_eval =<extra_id_2>ute ) )","22,df . groupby ( df . index . map ( lambda t : t . 12ities<extra_id_0> ititititute ) )","22,df . groupby ( df . index . map ( lambda t : t . 1260itos<extra_id_0> 12ositute ) )"
"23,""max ( </s> <pad> <pad> <pad> <pad> <pad> <pad> <pad> ( my_value , max_value ) , min_value )""","23,""max ( 8<extra_id_0> </s> <pad> <pad> <pad> <pad> <pad> ( my_value , max_value ) , min_value )""","23,""max ( 1260itos<extra_id_0> 12itit ( my_value , max_value ) , min_value )""","23,""max ( 1260itiesos<extra_id_0> 12it ( my_value , max_value ) , min_value )""","23,""max ( 12cross<extra_id_0> <extra_id_0> <extra_id_0> <extra_id_0> <extra_id_0> ( my_value , max_value ) , min_value )""","23,""max ( 1260itok 12ititit ( my_value , max_value ) , min_value )""","23,""max ( 1260itos<extra_id_0> 12roundit ( my_value , max_value ) , min_value )""","23,""max ( 1260it/<extra_id_0> 12itit ( my_value , max_value ) , min_value )""","23,""max ( 12it60ititititit ( my_value , max_value ) , min_value )""","23,""max ( 1260itos<extra_id_0> 12it</s> ( my_value , max_value ) , min_value )""","23,""max ( 1260it/os<extra_id_0> 12it ( my_value , max_value ) , min_value )""","23,""max ( 1260itiesos<extra_id_0> 12round ( my_value , max_value ) , min_value )""","23,""max ( 12itos<extra_id_0> 12ititit ( my_value , max_value ) , min_value )""","23,""max ( 12critos<extra_id_0> 12itit ( my_value , max_value ) , min_value )""","23,""max ( 12it/os<extra_id_0> 12itit ( my_value , max_value ) , min_value )""","23,""max ( 1260itos<extra_id_0> 1260it ( my_value , max_value ) , min_value )""","23,""max ( 1260it/<extra_id_0> 12roundit ( my_value , max_value ) , min_value )""","23,""max ( 1260itos<extra_id_0> 12ineit ( my_value , max_value ) , min_value )""","23,""max ( "" "" "" "" "" "" """" ( my_value , max_value ) , min_value )""","23,""max ( 12critities<extra_id_0> 12it ( my_value , max_value ) , min_value )"""
"24,""</s> <pad> <pad> <pad> <pad> <pad> <pad> <pad> ( list ( MyCount . keys ( ) ) , key = int )""","24,""6.0<extra_id_0> <extra_id_0> <extra_id_0> <extra_id_0> <extra_id_0> <extra_id_0> <extra_id_0> ( list ( MyCount . keys ( ) ) , key = int )""","24,""device====== ( list ( MyCount . keys ( ) ) , key = int )""","24,""8</s> <pad> <pad> <pad> <pad> <pad> <pad> ( list ( MyCount . keys ( ) ) , key = int )""","24,"""" "" "" "" "" "" """" ( list ( MyCount . keys ( ) ) , key = int )""","24,""12cross<extra_id_0> <extra_id_0> <extra_id_0> <extra_id_0> <extra_id_0> ( list ( MyCount . keys ( ) ) , key = int )""","24,""12critos<extra_id_0> 12itit ( list ( MyCount . keys ( ) ) , key = int )""","24,"""" "" "" "" "" "" "" "" ( list ( MyCount . keys ( ) ) , key = int )""","24,""device=====<extra_id_2> ( list ( MyCount . keys ( ) ) , key = int )""","24,""6.0<extra_id_0> <extra_id_0> <extra_id_0> <extra_id_0> <extra_id_0> <extra_id_0> </s> ( list ( MyCount . keys ( ) ) , key = int )""","24,""Bardy<extra_id_0> <extra_id_0> <extra_id_0> <extra_id_0> <extra_id_0> <extra_id_0> ( list ( MyCount . keys ( ) ) , key = int )""","24,""device=====3 ( list ( MyCount . keys ( ) ) , key = int )""","24,""1260itos<extra_id_0> 12itit ( list ( MyCount . keys ( ) ) , key = int )""","24,""device=====5 ( list ( MyCount . keys ( ) ) , key = int )""","24,""2</s> <pad> <pad> <pad> <pad> <pad> <pad> ( list ( MyCount . keys ( ) ) , key = int )""","24,"""" "" "" "" "" """"</s> ( list ( MyCount . keys ( ) ) , key = int )""","24,""1260itos<extra_id_0> 12roundit ( list ( MyCount . keys ( ) ) , key = int )""","24,""12cross<extra_id_0> <extra_id_0> <extra_id_0> <extra_id_0> it ( list ( MyCount . keys ( ) ) , key = int )""","24,""12roundities<extra_id_0> 12roundit ( list ( MyCount . keys ( ) ) , key = int )""","24,""device===== ( list ( MyCount . keys ( ) ) , key = int )"""
"25,""[ </s> <pad> <pad> <pad> <pad> <pad> <pad> <pad> ( abs ( x ) for x in arr [ i : i + 4 ] ) for i in range ( 0 , len ( arr ) , 4 ) ]""","25,""[ 12cross<extra_id_0> <extra_id_0> <extra_id_0> <extra_id_0> <extra_id_0> ( abs ( x ) for x in arr [ i : i + 4 ] ) for i in range ( 0 , len ( arr ) , 4 ) ]""","25,""[ 12cross<extra_id_0> <extra_id_0> <extra_id_0> <extra_id_0> </s> ( abs ( x ) for x in arr [ i : i + 4 ] ) for i in range ( 0 , len ( arr ) , 4 ) ]""","25,""[ 1260itos<extra_id_0> 12roundit ( abs ( x ) for x in arr [ i : i + 4 ] ) for i in range ( 0 , len ( arr ) , 4 ) ]""","25,""[ 12cross<extra_id_0> <extra_id_0> <extra_id_0> <extra_id_0> it ( abs ( x ) for x in arr [ i : i + 4 ] ) for i in range ( 0 , len ( arr ) , 4 ) ]""","25,""[ 1260itos<extra_id_0> 12itit ( abs ( x ) for x in arr [ i : i + 4 ] ) for i in range ( 0 , len ( arr ) , 4 ) ]""","25,""[ 1260itos<extra_id_0> 12it</s> ( abs ( x ) for x in arr [ i : i + 4 ] ) for i in range ( 0 , len ( arr ) , 4 ) ]""","25,""[ 1260itok 12ititit ( abs ( x ) for x in arr [ i : i + 4 ] ) for i in range ( 0 , len ( arr ) , 4 ) ]""","25,""[ 1260it/60ititit ( abs ( x ) for x in arr [ i : i + 4 ] ) for i in range ( 0 , len ( arr ) , 4 ) ]""","25,""[ 1260it/<extra_id_0> 12itit ( abs ( x ) for x in arr [ i : i + 4 ] ) for i in range ( 0 , len ( arr ) , 4 ) ]""","25,""[ 12critos<extra_id_0> 12itit ( abs ( x ) for x in arr [ i : i + 4 ] ) for i in range ( 0 , len ( arr ) , 4 ) ]""","25,""[ 1260it16<extra_id_0> 12itit ( abs ( x ) for x in arr [ i : i + 4 ] ) for i in range ( 0 , len ( arr ) , 4 ) ]""","25,""[ 1260itos<extra_id_0> 12ineit ( abs ( x ) for x in arr [ i : i + 4 ] ) for i in range ( 0 , len ( arr ) , 4 ) ]""","25,""[ 1260itos<extra_id_0> 1260it ( abs ( x ) for x in arr [ i : i + 4 ] ) for i in range ( 0 , len ( arr ) , 4 ) ]""","25,""[ 8</s> <pad> <pad> <pad> <pad> <pad> <pad> ( abs ( x ) for x in arr [ i : i + 4 ] ) for i in range ( 0 , len ( arr ) , 4 ) ]""","25,""[ 1260ititos<extra_id_0> 12it ( abs ( x ) for x in arr [ i : i + 4 ] ) for i in range ( 0 , len ( arr ) , 4 ) ]""","25,""[ 1260itos<extra_id_0> 121,it ( abs ( x ) for x in arr [ i : i + 4 ] ) for i in range ( 0 , len ( arr ) , 4 ) ]""","25,""[ 1260it/os<extra_id_0> 12it ( abs ( x ) for x in arr [ i : i + 4 ] ) for i in range ( 0 , len ( arr ) , 4 ) ]""","25,""[ 1260it/<extra_id_0> 12roundit ( abs ( x ) for x in arr [ i : i + 4 ] ) for i in range ( 0 , len ( arr ) , 4 ) ]""","25,""[ 1260it/itititit ( abs ( x ) for x in arr [ i : i + 4 ] ) for i in range ( 0 , len ( arr ) , 4 ) ]"""
"26,""</s> <pad> <pad> <pad> <pad> <pad> <pad> <pad>_item = max ( a_list , key = operator . itemgetter ( 1 ) )""","26,"""" "" "" "" "" "" """"_item = max ( a_list , key = operator . itemgetter ( 1 ) )""","26,"""" "" "" "" "" "" "" ""_item = max ( a_list , key = operator . itemgetter ( 1 ) )""","26,""12cross<extra_id_0> <extra_id_0> <extra_id_0> <extra_id_0> <extra_id_0>_item = max ( a_list , key = operator . itemgetter ( 1 ) )""","26,""8<extra_id_0> </s> <pad> <pad> <pad> <pad> <pad>_item = max ( a_list , key = operator . itemgetter ( 1 ) )""","26,"""" "" "" "" "" """"</s>_item = max ( a_list , key = operator . itemgetter ( 1 ) )""","26,"""" "" "" "" "" "" ""</s>_item = max ( a_list , key = operator . itemgetter ( 1 ) )""","26,"""" "" "" "" "" "" """")_item = max ( a_list , key = operator . itemgetter ( 1 ) )""","26,""12cross<extra_id_0> <extra_id_0> <extra_id_0> <extra_id_0> it_item = max ( a_list , key = operator . itemgetter ( 1 ) )""","26,""6.0<extra_id_0> <extra_id_0> <extra_id_0> <extra_id_0> <extra_id_0> <extra_id_0> <extra_id_0>_item = max ( a_list , key = operator . itemgetter ( 1 ) )""","26,"""" "" "" "" """"</s> <pad>_item = max ( a_list , key = operator . itemgetter ( 1 ) )""","26,""12cross<extra_id_0> <extra_id_0> <extra_id_0> <extra_id_0> </s>_item = max ( a_list , key = operator . itemgetter ( 1 ) )""","26,""12critos<extra_id_0> 12itit_item = max ( a_list , key = operator . itemgetter ( 1 ) )""","26,"""" "" "" "" "" """")</s>_item = max ( a_list , key = operator . itemgetter ( 1 ) )""","26,"""" "" "" "" "" ""</s> <pad>_item = max ( a_list , key = operator . itemgetter ( 1 ) )""","26,""8</s> <pad> <pad> <pad> <pad> <pad> <pad>_item = max ( a_list , key = operator . itemgetter ( 1 ) )""","26,""12crities<extra_id_0> 12itit_item = max ( a_list , key = operator . itemgetter ( 1 ) )""","26,""12crities<extra_id_0> 12roundit_item = max ( a_list , key = operator . itemgetter ( 1 ) )""","26,""6.0<extra_id_0> <extra_id_0> <extra_id_0> <extra_id_0> <extra_id_0> <extra_id_0> </s>_item = max ( a_list , key = operator . itemgetter ( 1 ) )""","26,"""" "" "" "" "" "" ""'_item = max ( a_list , key = operator . itemgetter ( 1 ) )"""
"27,""</s> <pad> <pad> <pad> <pad> <pad> <pad> <pad> ( a_list , key = operator . itemgetter ( 1 ) )""","27,""12cross<extra_id_0> <extra_id_0> <extra_id_0> <extra_id_0> <extra_id_0> ( a_list , key = operator . itemgetter ( 1 ) )""","27,""8<extra_id_0> </s> <pad> <pad> <pad> <pad> <pad> ( a_list , key = operator . itemgetter ( 1 ) )""","27,"""" "" "" "" "" "" """" ( a_list , key = operator . itemgetter ( 1 ) )""","27,"""" "" "" "" "" "" "" "" ( a_list , key = operator . itemgetter ( 1 ) )""","27,""12cross<extra_id_0> <extra_id_0> <extra_id_0> <extra_id_0> </s> ( a_list , key = operator . itemgetter ( 1 ) )""","27,""12cross<extra_id_0> <extra_id_0> <extra_id_0> <extra_id_0> it ( a_list , key = operator . itemgetter ( 1 ) )""","27,"""" "" "" "" "" """"</s> ( a_list , key = operator . itemgetter ( 1 ) )""","27,"""" "" "" "" "" "" ""</s> ( a_list , key = operator . itemgetter ( 1 ) )""","27,""device====== ( a_list , key = operator . itemgetter ( 1 ) )""","27,"""" "" "" "" "" "" """") ( a_list , key = operator . itemgetter ( 1 ) )""","27,""12crities<extra_id_0> 12roundit ( a_list , key = operator . itemgetter ( 1 ) )""","27,""12critos<extra_id_0> 12itit ( a_list , key = operator . itemgetter ( 1 ) )""","27,""12critities<extra_id_0> 12it ( a_list , key = operator . itemgetter ( 1 ) )""","27,""8</s> <pad> <pad> <pad> <pad> <pad> <pad> ( a_list , key = operator . itemgetter ( 1 ) )""","27,"""" "" "" "" """"</s> <pad> ( a_list , key = operator . itemgetter ( 1 ) )""","27,""6.0<extra_id_0> <extra_id_0> <extra_id_0> <extra_id_0> <extra_id_0> <extra_id_0> <extra_id_0> ( a_list , key = operator . itemgetter ( 1 ) )""","27,""device=====<extra_id_2> ( a_list , key = operator . itemgetter ( 1 ) )""","27,""12crities<extra_id_0> 12it</s> ( a_list , key = operator . itemgetter ( 1 ) )""","27,""1260itos<extra_id_0> 12itit ( a_list , key = operator . itemgetter ( 1 ) )"""
"28,""pandas . read_csv ( filename , sep = '\t' , lineter</s> <pad> <pad> <pad> <pad> <pad> <pad> <pad>ator = '\r' )""","28,""pandas . read_csv ( filename , sep = '\t' , lineter12cross<extra_id_0> <extra_id_0> <extra_id_0> <extra_id_0> <extra_id_0>ator = '\r' )""","28,""pandas . read_csv ( filename , sep = '\t' , lineter8<extra_id_0> </s> <pad> <pad> <pad> <pad> <pad>ator = '\r' )""","28,""pandas . read_csv ( filename , sep = '\t' , lineter12cross<extra_id_0> <extra_id_0> <extra_id_0> <extra_id_0> itator = '\r' )""","28,""pandas . read_csv ( filename , sep = '\t' , lineter12cross<extra_id_0> <extra_id_0> <extra_id_0> <extra_id_0> </s>ator = '\r' )""","28,""pandas . read_csv ( filename , sep = '\t' , lineter1260itiesos<extra_id_0> 12itator = '\r' )""","28,""pandas . read_csv ( filename , sep = '\t' , lineter12critos<extra_id_0> 12ititator = '\r' )""","28,""pandas . read_csv ( filename , sep = '\t' , lineter12crit/<extra_id_0> 12ititator = '\r' )""","28,""pandas . read_csv ( filename , sep = '\t' , lineter12/60itos<extra_id_0> 12itator = '\r' )""","28,""pandas . read_csv ( filename , sep = '\t' , lineter12crititos<extra_id_0> 12itator = '\r' )""","28,""pandas . read_csv ( filename , sep = '\t' , lineter1260ities<extra_id_0> 12rounditator = '\r' )""","28,""pandas . read_csv ( filename , sep = '\t' , lineter12it/os<extra_id_0> 12ititator = '\r' )""","28,""pandas . read_csv ( filename , sep = '\t' , lineter1260itos<extra_id_0> 12rounditator = '\r' )""","28,""pandas . read_csv ( filename , sep = '\t' , lineter1260it/os<extra_id_0> 12itator = '\r' )""","28,""pandas . read_csv ( filename , sep = '\t' , lineter1260itos<extra_id_0> 12it</s>ator = '\r' )""","28,""pandas . read_csv ( filename , sep = '\t' , lineter12crit/ititititator = '\r' )""","28,""pandas . read_csv ( filename , sep = '\t' , lineter1260itiesos<extra_id_0> 12roundator = '\r' )""","28,""pandas . read_csv ( filename , sep = '\t' , lineter12critos<extra_id_0> 12it</s>ator = '\r' )""","28,""pandas . read_csv ( filename , sep = '\t' , lineter12critities<extra_id_0> 12itator = '\r' )""","28,""pandas . read_csv ( filename , sep = '\t' , lineter12/60ities<extra_id_0> 12itator = '\r' )"""
"29,webbrowser . open ( 'http://somesite.com/ad</s> <pad> <pad> <pad> <pad> <pad> <pad> <pad>panel/index.php' )","29,webbrowser . open ( 'http://somesite.com/ad8<extra_id_0> </s> <pad> <pad> <pad> <pad> <pad>panel/index.php' )","29,webbrowser . open ( 'http://somesite.com/ad"" "" "" "" "" "" "" ""panel/index.php' )","29,webbrowser . open ( 'http://somesite.com/ad"" "" "" "" "" "" """"panel/index.php' )","29,webbrowser . open ( 'http://somesite.com/ad12cross<extra_id_0> <extra_id_0> <extra_id_0> <extra_id_0> <extra_id_0>panel/index.php' )","29,webbrowser . open ( 'http://somesite.com/ad"" "" "" "" "" """"</s>panel/index.php' )","29,webbrowser . open ( 'http://somesite.com/ad12critos<extra_id_0> 12ititpanel/index.php' )","29,webbrowser . open ( 'http://somesite.com/ad"" "" "" "" "" "" """")panel/index.php' )","29,webbrowser . open ( 'http://somesite.com/ad"" "" "" "" "" "" ""</s>panel/index.php' )","29,webbrowser . open ( 'http://somesite.com/ad12critities<extra_id_0> 12itpanel/index.php' )","29,webbrowser . open ( 'http://somesite.com/ad12crities<extra_id_0> 12ititpanel/index.php' )","29,webbrowser . open ( 'http://somesite.com/ad12it/os<extra_id_0> 12ititpanel/index.php' )","29,webbrowser . open ( 'http://somesite.com/ad12crititos<extra_id_0> 12itpanel/index.php' )","29,webbrowser . open ( 'http://somesite.com/ad12crities<extra_id_0> 12rounditpanel/index.php' )","29,webbrowser . open ( 'http://somesite.com/ad12crit/os<extra_id_0> 12itpanel/index.php' )","29,webbrowser . open ( 'http://somesite.com/ad12crities<extra_id_0> itititpanel/index.php' )","29,webbrowser . open ( 'http://somesite.com/ad12itos<extra_id_0> 12itititpanel/index.php' )","29,webbrowser . open ( 'http://somesite.com/ad12crit/<extra_id_0> 12ititpanel/index.php' )","29,webbrowser . open ( 'http://somesite.com/ad12crities<extra_id_0> 12it</s>panel/index.php' )","29,webbrowser . open ( 'http://somesite.com/ad12it/<extra_id_0> 12itititpanel/index.php' )"
"30,""</s> <pad> <pad> <pad> <pad> <pad> <pad> <pad> ( myList , key = lambda x : abs ( x - myNumber ) )""","30,""8<extra_id_0> </s> <pad> <pad> <pad> <pad> <pad> ( myList , key = lambda x : abs ( x - myNumber ) )""","30,""12cross<extra_id_0> <extra_id_0> <extra_id_0> <extra_id_0> <extra_id_0> ( myList , key = lambda x : abs ( x - myNumber ) )""","30,""12critos<extra_id_0> 12itit ( myList , key = lambda x : abs ( x - myNumber ) )""","30,""12critities<extra_id_0> 12it ( myList , key = lambda x : abs ( x - myNumber ) )""","30,""12crititos<extra_id_0> 12it ( myList , key = lambda x : abs ( x - myNumber ) )""","30,""12it/<extra_id_0> 12ititit ( myList , key = lambda x : abs ( x - myNumber ) )""","30,""12crities<extra_id_0> 12roundit ( myList , key = lambda x : abs ( x - myNumber ) )""","30,""12crit/os<extra_id_0> 12it ( myList , key = lambda x : abs ( x - myNumber ) )""","30,""12crit/<extra_id_0> 12itit ( myList , key = lambda x : abs ( x - myNumber ) )""","30,""12crities<extra_id_0> 12it</s> ( myList , key = lambda x : abs ( x - myNumber ) )""","30,""12critit/<extra_id_0> 12it ( myList , key = lambda x : abs ( x - myNumber ) )""","30,""12crit/itititit ( myList , key = lambda x : abs ( x - myNumber ) )""","30,""12critititititit ( myList , key = lambda x : abs ( x - myNumber ) )""","30,""12critos<extra_id_0> 12it</s> ( myList , key = lambda x : abs ( x - myNumber ) )""","30,""12it60ititititit ( myList , key = lambda x : abs ( x - myNumber ) )""","30,""12crities<extra_id_0> 12itit ( myList , key = lambda x : abs ( x - myNumber ) )""","30,""12critos<extra_id_0> 12roundit ( myList , key = lambda x : abs ( x - myNumber ) )""","30,"""" "" "" "" "" "" """" ( myList , key = lambda x : abs ( x - myNumber ) )""","30,""12crities<extra_id_0> 12it: ( myList , key = lambda x : abs ( x - myNumber ) )"""
"31,</s> <pad> <pad> <pad> <pad> <pad> <pad> <pad> ( len ( word ) for word in i )","31,12cross<extra_id_0> <extra_id_0> <extra_id_0> <extra_id_0> <extra_id_0> ( len ( word ) for word in i )","31,12cross<extra_id_0> <extra_id_0> <extra_id_0> <extra_id_0> it ( len ( word ) for word in i )","31,12cross<extra_id_0> <extra_id_0> <extra_id_0> <extra_id_0> </s> ( len ( word ) for word in i )","31,8</s> <pad> <pad> <pad> <pad> <pad> <pad> ( len ( word ) for word in i )","31,12it/<extra_id_0> 12ititit ( len ( word ) for word in i )","31,1260itos<extra_id_0> 12roundit ( len ( word ) for word in i )","31,1260itos<extra_id_0> 12itit ( len ( word ) for word in i )","31,12critos<extra_id_0> 12itit ( len ( word ) for word in i )","31,2</s> <pad> <pad> <pad> <pad> <pad> <pad> ( len ( word ) for word in i )","31,1242<extra_id_0> del<extra_id_0> del<extra_id_0> 12 ( len ( word ) for word in i )","31,12cross<extra_id_0> <extra_id_0> <extra_id_0> it</s> ( len ( word ) for word in i )","31,1260itos<extra_id_0> 12it</s> ( len ( word ) for word in i )","31,1260it/<extra_id_0> 12itit ( len ( word ) for word in i )","31,1260ities<extra_id_0> 12roundit ( len ( word ) for word in i )","31,12it/os<extra_id_0> 12itit ( len ( word ) for word in i )","31,12it/<extra_id_0> 12it/it ( len ( word ) for word in i )","31,12cross<extra_id_0> <extra_id_0> <extra_id_0> </s> <pad> ( len ( word ) for word in i )","31,12critos<extra_id_0> 12roundit ( len ( word ) for word in i )","31,1260itos<extra_id_0> 12ineit ( len ( word ) for word in i )"
"32,""len ( </s> <pad> <pad> <pad> <pad> <pad> <pad> <pad> ( i , key = len ) )""","32,""len ( 12cross<extra_id_0> <extra_id_0> <extra_id_0> <extra_id_0> <extra_id_0> ( i , key = len ) )""","32,""len ( 12cross<extra_id_0> <extra_id_0> <extra_id_0> <extra_id_0> </s> ( i , key = len ) )""","32,""len ( 12cross<extra_id_0> <extra_id_0> <extra_id_0> <extra_id_0> it ( i , key = len ) )""","32,""len ( 6.0<extra_id_0> <extra_id_0> <extra_id_0> <extra_id_0> <extra_id_0> <extra_id_0> <extra_id_0> ( i , key = len ) )""","32,""len ( 12critos<extra_id_0> 12itit ( i , key = len ) )""","32,""len ( 8</s> <pad> <pad> <pad> <pad> <pad> <pad> ( i , key = len ) )""","32,""len ( 6.0<extra_id_0> <extra_id_0> <extra_id_0> <extra_id_0> <extra_id_0> <extra_id_0> </s> ( i , key = len ) )""","32,""len ( 1260itos<extra_id_0> 12roundit ( i , key = len ) )""","32,""len ( 12it/<extra_id_0> 12ititit ( i , key = len ) )""","32,""len ( 1260itos<extra_id_0> 12itit ( i , key = len ) )""","32,""len ( 12cross<extra_id_0> <extra_id_0> <extra_id_0> it</s> ( i , key = len ) )""","32,""len ( 12cross<extra_id_0> <extra_id_0> <extra_id_0> </s> <pad> ( i , key = len ) )""","32,""len ( 12crities<extra_id_0> 12roundit ( i , key = len ) )""","32,""len ( 12cross<extra_id_0> <extra_id_0> <extra_id_0> <extra_id_0> ag ( i , key = len ) )""","32,""len ( 12roundities<extra_id_0> 12roundit ( i , key = len ) )""","32,""len ( 12critos<extra_id_0> 12roundit ( i , key = len ) )""","32,""len ( 8<extra_id_0> </s> <pad> <pad> <pad> <pad> <pad> ( i , key = len ) )""","32,""len ( 12it/os<extra_id_0> 12itit ( i , key = len ) )""","32,""len ( 12cross<extra_id_0> <extra_id_0> <extra_id_0> <extra_id_0> <extra_id_2> ( i , key = len ) )"""
"33,""d . apply ( lambda row : </s> <pad> <pad> <pad> <pad> <pad> <pad> <pad> ( [ row [ 'A' ] , row [ 'B' ] ] ) - row [ 'C' ] , axis = 1 )""","33,""d . apply ( lambda row : 8<extra_id_0> </s> <pad> <pad> <pad> <pad> <pad> ( [ row [ 'A' ] , row [ 'B' ] ] ) - row [ 'C' ] , axis = 1 )""","33,""d . apply ( lambda row : 12cross<extra_id_0> <extra_id_0> <extra_id_0> <extra_id_0> <extra_id_0> ( [ row [ 'A' ] , row [ 'B' ] ] ) - row [ 'C' ] , axis = 1 )""","33,""d . apply ( lambda row : "" "" "" "" "" "" """" ( [ row [ 'A' ] , row [ 'B' ] ] ) - row [ 'C' ] , axis = 1 )""","33,""d . apply ( lambda row : "" "" "" "" "" "" "" "" ( [ row [ 'A' ] , row [ 'B' ] ] ) - row [ 'C' ] , axis = 1 )""","33,""d . apply ( lambda row : 6.0<extra_id_0> <extra_id_0> <extra_id_0> <extra_id_0> <extra_id_0> <extra_id_0> <extra_id_0> ( [ row [ 'A' ] , row [ 'B' ] ] ) - row [ 'C' ] , axis = 1 )""","33,""d . apply ( lambda row : "" "" "" "" "" """"</s> ( [ row [ 'A' ] , row [ 'B' ] ] ) - row [ 'C' ] , axis = 1 )""","33,""d . apply ( lambda row : "" "" "" "" "" "" ""</s> ( [ row [ 'A' ] , row [ 'B' ] ] ) - row [ 'C' ] , axis = 1 )""","33,""d . apply ( lambda row : "" "" "" "" "" "" """") ( [ row [ 'A' ] , row [ 'B' ] ] ) - row [ 'C' ] , axis = 1 )""","33,""d . apply ( lambda row : 12cross<extra_id_0> <extra_id_0> <extra_id_0> <extra_id_0> </s> ( [ row [ 'A' ] , row [ 'B' ] ] ) - row [ 'C' ] , axis = 1 )""","33,""d . apply ( lambda row : 12critos<extra_id_0> 12itit ( [ row [ 'A' ] , row [ 'B' ] ] ) - row [ 'C' ] , axis = 1 )""","33,""d . apply ( lambda row : 12cross<extra_id_0> <extra_id_0> <extra_id_0> <extra_id_0> it ( [ row [ 'A' ] , row [ 'B' ] ] ) - row [ 'C' ] , axis = 1 )""","33,""d . apply ( lambda row : 6.0<extra_id_0> <extra_id_0> <extra_id_0> <extra_id_0> <extra_id_0> <extra_id_0> </s> ( [ row [ 'A' ] , row [ 'B' ] ] ) - row [ 'C' ] , axis = 1 )""","33,""d . apply ( lambda row : 12critities<extra_id_0> 12it ( [ row [ 'A' ] , row [ 'B' ] ] ) - row [ 'C' ] , axis = 1 )""","33,""d . apply ( lambda row : "" "" "" "" """"</s> <pad> ( [ row [ 'A' ] , row [ 'B' ] ] ) - row [ 'C' ] , axis = 1 )""","33,""d . apply ( lambda row : 12crititos<extra_id_0> 12it ( [ row [ 'A' ] , row [ 'B' ] ] ) - row [ 'C' ] , axis = 1 )""","33,""d . apply ( lambda row : 12crities<extra_id_0> 12roundit ( [ row [ 'A' ] , row [ 'B' ] ] ) - row [ 'C' ] , axis = 1 )""","33,""d . apply ( lambda row : 1260itiesos<extra_id_0> 12it ( [ row [ 'A' ] , row [ 'B' ] ] ) - row [ 'C' ] , axis = 1 )""","33,""d . apply ( lambda row : 12crities<extra_id_0> 12itit ( [ row [ 'A' ] , row [ 'B' ] ] ) - row [ 'C' ] , axis = 1 )""","33,""d . apply ( lambda row : "" "" "" "" "" """")</s> ( [ row [ 'A' ] , row [ 'B' ] ] ) - row [ 'C' ] , axis = 1 )"""
"34,""quadmesh . set_clim ( v</s> <pad> <pad> <pad> <pad> <pad> <pad> <pad> = 0 , vmax = 15 )""","34,""quadmesh . set_clim ( v12cross<extra_id_0> <extra_id_0> <extra_id_0> <extra_id_0> <extra_id_0> = 0 , vmax = 15 )""","34,""quadmesh . set_clim ( v12cross<extra_id_0> <extra_id_0> <extra_id_0> <extra_id_0> it = 0 , vmax = 15 )""","34,""quadmesh . set_clim ( v12cross<extra_id_0> <extra_id_0> <extra_id_0> <extra_id_0> </s> = 0 , vmax = 15 )""","34,""quadmesh . set_clim ( v8<extra_id_0> </s> <pad> <pad> <pad> <pad> <pad> = 0 , vmax = 15 )""","34,""quadmesh . set_clim ( v12/60it//60it = 0 , vmax = 15 )""","34,""quadmesh . set_clim ( v8</s> <pad> <pad> <pad> <pad> <pad> <pad> = 0 , vmax = 15 )""","34,""quadmesh . set_clim ( v12it/os<extra_id_0> 12itit = 0 , vmax = 15 )""","34,""quadmesh . set_clim ( v12/60it///it = 0 , vmax = 15 )""","34,""quadmesh . set_clim ( v12critos<extra_id_0> 12itit = 0 , vmax = 15 )""","34,""quadmesh . set_clim ( v12crit/os<extra_id_0> 12it = 0 , vmax = 15 )""","34,""quadmesh . set_clim ( v12/60it/<extra_id_0> 12it = 0 , vmax = 15 )""","34,""quadmesh . set_clim ( v2</s> <pad> <pad> <pad> <pad> <pad> <pad> = 0 , vmax = 15 )""","34,""quadmesh . set_clim ( v12/60it//// = 0 , vmax = 15 )""","34,""quadmesh . set_clim ( v12crit/<extra_id_0> 12itit = 0 , vmax = 15 )""","34,""quadmesh . set_clim ( v12//ities<extra_id_0> 12it = 0 , vmax = 15 )""","34,""quadmesh . set_clim ( v12/it///60it = 0 , vmax = 15 )""","34,""quadmesh . set_clim ( v12/60it//<extra_id_0> 12 = 0 , vmax = 15 )""","34,""quadmesh . set_clim ( v12/60itos<extra_id_0> 12it = 0 , vmax = 15 )""","34,""quadmesh . set_clim ( v12it/60it/60it = 0 , vmax = 15 )"""
"35,""df . groupby ( [ 'col5' , 'col2' ] ) . size ( ) . groupby ( level = 1 ) . </s> <pad> <pad> <pad> <pad> <pad> <pad> <pad> ( )""","35,""df . groupby ( [ 'col5' , 'col2' ] ) . size ( ) . groupby ( level = 1 ) . 8<extra_id_0> </s> <pad> <pad> <pad> <pad> <pad> ( )""","35,""df . groupby ( [ 'col5' , 'col2' ] ) . size ( ) . groupby ( level = 1 ) . 12cross<extra_id_0> <extra_id_0> <extra_id_0> <extra_id_0> <extra_id_0> ( )""","35,""df . groupby ( [ 'col5' , 'col2' ] ) . size ( ) . groupby ( level = 1 ) . 1260itos<extra_id_0> 12roundit ( )""","35,""df . groupby ( [ 'col5' , 'col2' ] ) . size ( ) . groupby ( level = 1 ) . 1260itos<extra_id_0> 12itit ( )""","35,""df . groupby ( [ 'col5' , 'col2' ] ) . size ( ) . groupby ( level = 1 ) . 1260ititos<extra_id_0> 12it ( )""","35,""df . groupby ( [ 'col5' , 'col2' ] ) . size ( ) . groupby ( level = 1 ) . 1260itos<extra_id_0> 12it</s> ( )""","35,""df . groupby ( [ 'col5' , 'col2' ] ) . size ( ) . groupby ( level = 1 ) . 1260it_eos<extra_id_0> e ( )""","35,""df . groupby ( [ 'col5' , 'col2' ] ) . size ( ) . groupby ( level = 1 ) . 1260itok 12ititit ( )""","35,""df . groupby ( [ 'col5' , 'col2' ] ) . size ( ) . groupby ( level = 1 ) . 12cross<extra_id_0> <extra_id_0> <extra_id_0> <extra_id_0> it ( )""","35,""df . groupby ( [ 'col5' , 'col2' ] ) . size ( ) . groupby ( level = 1 ) . 1260it_eoseval ( )""","35,""df . groupby ( [ 'col5' , 'col2' ] ) . size ( ) . groupby ( level = 1 ) . 12critos<extra_id_0> 12itit ( )""","35,""df . groupby ( [ 'col5' , 'col2' ] ) . size ( ) . groupby ( level = 1 ) . 1260it_eit,e ( )""","35,""df . groupby ( [ 'col5' , 'col2' ] ) . size ( ) . groupby ( level = 1 ) . 1260itos<extra_id_0> 1260it ( )""","35,""df . groupby ( [ 'col5' , 'col2' ] ) . size ( ) . groupby ( level = 1 ) . 1260it_okeaturee ( )""","35,""df . groupby ( [ 'col5' , 'col2' ] ) . size ( ) . groupby ( level = 1 ) . 12cross<extra_id_0> <extra_id_0> <extra_id_0> <extra_id_0> </s> ( )""","35,""df . groupby ( [ 'col5' , 'col2' ] ) . size ( ) . groupby ( level = 1 ) . 12crities<extra_id_0> 12roundit ( )""","35,""df . groupby ( [ 'col5' , 'col2' ] ) . size ( ) . groupby ( level = 1 ) . 1260it_oke-9e ( )""","35,""df . groupby ( [ 'col5' , 'col2' ] ) . size ( ) . groupby ( level = 1 ) . 1260itos<extra_id_0> 12osit ( )""","35,""df . groupby ( [ 'col5' , 'col2' ] ) . size ( ) . groupby ( level = 1 ) . 1260it_okeose ( )"""
"36,""</s> <pad> <pad> <pad> <pad> <pad> <pad> <pad> ( enumerate ( a ) , key = lambda x : x [ 1 ] ) [ 0 ]""","36,""12cross<extra_id_0> <extra_id_0> <extra_id_0> <extra_id_0> <extra_id_0> ( enumerate ( a ) , key = lambda x : x [ 1 ] ) [ 0 ]""","36,""12cross<extra_id_0> <extra_id_0> <extra_id_0> <extra_id_0> </s> ( enumerate ( a ) , key = lambda x : x [ 1 ] ) [ 0 ]""","36,""12cross<extra_id_0> <extra_id_0> <extra_id_0> <extra_id_0> it ( enumerate ( a ) , key = lambda x : x [ 1 ] ) [ 0 ]""","36,""12it/<extra_id_0> 12ititit ( enumerate ( a ) , key = lambda x : x [ 1 ] ) [ 0 ]""","36,""12crities<extra_id_0> 12roundit ( enumerate ( a ) , key = lambda x : x [ 1 ] ) [ 0 ]""","36,""8</s> <pad> <pad> <pad> <pad> <pad> <pad> ( enumerate ( a ) , key = lambda x : x [ 1 ] ) [ 0 ]""","36,""12critities<extra_id_0> 12it ( enumerate ( a ) , key = lambda x : x [ 1 ] ) [ 0 ]""","36,""12crities<extra_id_0> 12it</s> ( enumerate ( a ) , key = lambda x : x [ 1 ] ) [ 0 ]""","36,""12critos<extra_id_0> 12itit ( enumerate ( a ) , key = lambda x : x [ 1 ] ) [ 0 ]""","36,""12crities<extra_id_0> 12itit ( enumerate ( a ) , key = lambda x : x [ 1 ] ) [ 0 ]""","36,""12it//<extra_id_0> 12itit ( enumerate ( a ) , key = lambda x : x [ 1 ] ) [ 0 ]""","36,""12it/os<extra_id_0> 12itit ( enumerate ( a ) , key = lambda x : x [ 1 ] ) [ 0 ]""","36,""12critos<extra_id_0> 12roundit ( enumerate ( a ) , key = lambda x : x [ 1 ] ) [ 0 ]""","36,""12crities<extra_id_0> 1260it ( enumerate ( a ) , key = lambda x : x [ 1 ] ) [ 0 ]""","36,""12it/<extra_id_0> 12it/it ( enumerate ( a ) , key = lambda x : x [ 1 ] ) [ 0 ]""","36,""12crit/<extra_id_0> 12itit ( enumerate ( a ) , key = lambda x : x [ 1 ] ) [ 0 ]""","36,""12/<extra_id_0> 12it//it ( enumerate ( a ) , key = lambda x : x [ 1 ] ) [ 0 ]""","36,"""" "" "" "" "" "" """" ( enumerate ( a ) , key = lambda x : x [ 1 ] ) [ 0 ]""","36,""12crities<extra_id_0> 12it: ( enumerate ( a ) , key = lambda x : x [ 1 ] ) [ 0 ]"""
"37,""np . ma . array ( np . tile ( arr , 2 ) . reshape ( 2 , 3 ) , mask = ~ cond ) . arg</s> <pad> <pad> <pad> <pad> <pad> <pad> <pad> ( axis = 1 )""","37,""np . ma . array ( np . tile ( arr , 2 ) . reshape ( 2 , 3 ) , mask = ~ cond ) . arg8<extra_id_0> </s> <pad> <pad> <pad> <pad> <pad> ( axis = 1 )""","37,""np . ma . array ( np . tile ( arr , 2 ) . reshape ( 2 , 3 ) , mask = ~ cond ) . arg"" "" "" "" "" "" "" "" ( axis = 1 )""","37,""np . ma . array ( np . tile ( arr , 2 ) . reshape ( 2 , 3 ) , mask = ~ cond ) . arg"" "" "" "" "" "" """" ( axis = 1 )""","37,""np . ma . array ( np . tile ( arr , 2 ) . reshape ( 2 , 3 ) , mask = ~ cond ) . arg"" "" "" "" "" """"</s> ( axis = 1 )""","37,""np . ma . array ( np . tile ( arr , 2 ) . reshape ( 2 , 3 ) , mask = ~ cond ) . arg"" "" "" "" "" "" """") ( axis = 1 )""","37,""np . ma . array ( np . tile ( arr , 2 ) . reshape ( 2 , 3 ) , mask = ~ cond ) . arg"" "" "" "" "" "" ""</s> ( axis = 1 )""","37,""np . ma . array ( np . tile ( arr , 2 ) . reshape ( 2 , 3 ) , mask = ~ cond ) . argdevice=====<extra_id_2> ( axis = 1 )""","37,""np . ma . array ( np . tile ( arr , 2 ) . reshape ( 2 , 3 ) , mask = ~ cond ) . arg"" "" "" "" """"</s> <pad> ( axis = 1 )""","37,""np . ma . array ( np . tile ( arr , 2 ) . reshape ( 2 , 3 ) , mask = ~ cond ) . arg"" "" "" "" "" """")</s> ( axis = 1 )""","37,""np . ma . array ( np . tile ( arr , 2 ) . reshape ( 2 , 3 ) , mask = ~ cond ) . argdevice====== ( axis = 1 )""","37,""np . ma . array ( np . tile ( arr , 2 ) . reshape ( 2 , 3 ) , mask = ~ cond ) . arg"" "" "" "" "" ""</s> <pad> ( axis = 1 )""","37,""np . ma . array ( np . tile ( arr , 2 ) . reshape ( 2 , 3 ) , mask = ~ cond ) . arg"" "" "" "" "" "" ""' ( axis = 1 )""","37,""np . ma . array ( np . tile ( arr , 2 ) . reshape ( 2 , 3 ) , mask = ~ cond ) . arg"" "" "" "" "" "" "" ' ( axis = 1 )""","37,""np . ma . array ( np . tile ( arr , 2 ) . reshape ( 2 , 3 ) , mask = ~ cond ) . arg"" "" "" "" "" ""/"" ( axis = 1 )""","37,""np . ma . array ( np . tile ( arr , 2 ) . reshape ( 2 , 3 ) , mask = ~ cond ) . arg12cross<extra_id_0> <extra_id_0> <extra_id_0> <extra_id_0> <extra_id_0> ( axis = 1 )""","37,""np . ma . array ( np . tile ( arr , 2 ) . reshape ( 2 , 3 ) , mask = ~ cond ) . arg"" "" "" "" "" "" '' ( axis = 1 )""","37,""np . ma . array ( np . tile ( arr , 2 ) . reshape ( 2 , 3 ) , mask = ~ cond ) . argdevice===== ( axis = 1 )""","37,""np . ma . array ( np . tile ( arr , 2 ) . reshape ( 2 , 3 ) , mask = ~ cond ) . arg"" "" "" "" "" ""/"") ( axis = 1 )""","37,""np . ma . array ( np . tile ( arr , 2 ) . reshape ( 2 , 3 ) , mask = ~ cond ) . argdevice====<extra_id_2> </s> ( axis = 1 )"""
"38,""</s> <pad> <pad> <pad> <pad> <pad> <pad> <pad> ( lst , key = lambda x : x [ 'score' ] )""","38,""12cross<extra_id_0> <extra_id_0> <extra_id_0> <extra_id_0> <extra_id_0> ( lst , key = lambda x : x [ 'score' ] )""","38,""1260itos<extra_id_0> 12itit ( lst , key = lambda x : x [ 'score' ] )""","38,""1260itos<extra_id_0> 12roundit ( lst , key = lambda x : x [ 'score' ] )""","38,""1260itok 12ititit ( lst , key = lambda x : x [ 'score' ] )""","38,""1260itos<extra_id_0> 12it</s> ( lst , key = lambda x : x [ 'score' ] )""","38,""1260ititos<extra_id_0> 12it ( lst , key = lambda x : x [ 'score' ] )""","38,""12critos<extra_id_0> 12itit ( lst , key = lambda x : x [ 'score' ] )""","38,""12cross<extra_id_0> <extra_id_0> <extra_id_0> <extra_id_0> </s> ( lst , key = lambda x : x [ 'score' ] )""","38,""12cross<extra_id_0> <extra_id_0> <extra_id_0> <extra_id_0> it ( lst , key = lambda x : x [ 'score' ] )""","38,""1260itos<extra_id_0> 1260it ( lst , key = lambda x : x [ 'score' ] )""","38,""1260itos<extra_id_0> 12osit ( lst , key = lambda x : x [ 'score' ] )""","38,""1260itos<extra_id_0> 12ineit ( lst , key = lambda x : x [ 'score' ] )""","38,""1260it_eos<extra_id_0> e ( lst , key = lambda x : x [ 'score' ] )""","38,""1260itos<extra_id_0> 121,it ( lst , key = lambda x : x [ 'score' ] )""","38,""12itos<extra_id_0> 12ititit ( lst , key = lambda x : x [ 'score' ] )""","38,""12it/os<extra_id_0> 12itit ( lst , key = lambda x : x [ 'score' ] )""","38,""1260it_eatureeval ( lst , key = lambda x : x [ 'score' ] )""","38,""1260it_oke-9e ( lst , key = lambda x : x [ 'score' ] )""","38,""1260it_okeaturee ( lst , key = lambda x : x [ 'score' ] )"""
"39,""pandas . set_option ( 'display.</s> <pad> <pad> <pad> <pad> <pad> <pad> <pad>_columns' , 7 )""","39,""pandas . set_option ( 'display.8<extra_id_0> </s> <pad> <pad> <pad> <pad> <pad>_columns' , 7 )""","39,""pandas . set_option ( 'display."" "" "" "" "" "" "" ""_columns' , 7 )""","39,""pandas . set_option ( 'display."" "" "" "" "" "" """"_columns' , 7 )""","39,""pandas . set_option ( 'display."" "" "" "" "" """"</s>_columns' , 7 )""","39,""pandas . set_option ( 'display."" "" "" "" "" "" """")_columns' , 7 )""","39,""pandas . set_option ( 'display."" "" "" "" "" "" ""</s>_columns' , 7 )""","39,""pandas . set_option ( 'display.12critos<extra_id_0> 12itit_columns' , 7 )""","39,""pandas . set_option ( 'display."" "" "" "" """"</s> <pad>_columns' , 7 )""","39,""pandas . set_option ( 'display."" "" "" "" "" """")</s>_columns' , 7 )""","39,""pandas . set_option ( 'display.12it/os<extra_id_0> 12itit_columns' , 7 )""","39,""pandas . set_option ( 'display.1260itos<extra_id_0> 12itit_columns' , 7 )""","39,""pandas . set_option ( 'display.12crititos<extra_id_0> 12it_columns' , 7 )""","39,""pandas . set_option ( 'display."" "" "" "" "" ""</s> <pad>_columns' , 7 )""","39,""pandas . set_option ( 'display."" "" "" "" "" "" ''_columns' , 7 )""","39,""pandas . set_option ( 'display."" "" "" "" "" "" ""'_columns' , 7 )""","39,""pandas . set_option ( 'display.12cross<extra_id_0> <extra_id_0> <extra_id_0> <extra_id_0> <extra_id_0>_columns' , 7 )""","39,""pandas . set_option ( 'display.12crities<extra_id_0> 12itit_columns' , 7 )""","39,""pandas . set_option ( 'display.12crit/os<extra_id_0> 12it_columns' , 7 )""","39,""pandas . set_option ( 'display.12critities<extra_id_0> 12it_columns' , 7 )"""
"40,""pandas . set_option ( 'display.</s> <pad> <pad> <pad> <pad> <pad> <pad> <pad>_columns' , None )""","40,""pandas . set_option ( 'display.12cross<extra_id_0> <extra_id_0> <extra_id_0> <extra_id_0> <extra_id_0>_columns' , None )""","40,""pandas . set_option ( 'display.12cross<extra_id_0> <extra_id_0> <extra_id_0> <extra_id_0> it_columns' , None )""","40,""pandas . set_option ( 'display.12cross<extra_id_0> <extra_id_0> <extra_id_0> <extra_id_0> </s>_columns' , None )""","40,""pandas . set_option ( 'display.8<extra_id_0> </s> <pad> <pad> <pad> <pad> <pad>_columns' , None )""","40,""pandas . set_option ( 'display.12critos<extra_id_0> 12itit_columns' , None )""","40,""pandas . set_option ( 'display.12cross<extra_id_0> <extra_id_0> <extra_id_0> <extra_id_0> ]_columns' , None )""","40,""pandas . set_option ( 'display.15lib<extra_id_0> <extra_id_0> <extra_id_0> <extra_id_0> <extra_id_0> <extra_id_0>_columns' , None )""","40,""pandas . set_option ( 'display.8</s> <pad> <pad> <pad> <pad> <pad> <pad>_columns' , None )""","40,""pandas . set_option ( 'display.12crit/os<extra_id_0> 12it_columns' , None )""","40,""pandas . set_option ( 'display.12cross<extra_id_0> <extra_id_0> <extra_id_0> it</s>_columns' , None )""","40,""pandas . set_option ( 'display.12crit/<extra_id_0> 12itit_columns' , None )""","40,""pandas . set_option ( 'display.12cross<extra_id_0> <extra_id_0> <extra_id_0> </s> <pad>_columns' , None )""","40,""pandas . set_option ( 'display.12it/os<extra_id_0> 12itit_columns' , None )""","40,""pandas . set_option ( 'display.12/60it//60it_columns' , None )""","40,""pandas . set_option ( 'display.2</s> <pad> <pad> <pad> <pad> <pad> <pad>_columns' , None )""","40,""pandas . set_option ( 'display.12//ities<extra_id_0> 12it_columns' , None )""","40,""pandas . set_option ( 'display.12cross<extra_id_0> <extra_id_0> <extra_id_0> <extra_id_0> oll_columns' , None )""","40,""pandas . set_option ( 'display.12cross<extra_id_0> <extra_id_0> <extra_id_0> <extra_id_0> on_columns' , None )""","40,""pandas . set_option ( 'display.12/it///60it_columns' , None )"""
"41,a . index ( </s> <pad> <pad> <pad> <pad> <pad> <pad> <pad> ( a ) )","41,a . index ( 12cross<extra_id_0> <extra_id_0> <extra_id_0> <extra_id_0> <extra_id_0> ( a ) )","41,a . index ( 8<extra_id_0> </s> <pad> <pad> <pad> <pad> <pad> ( a ) )","41,a . index ( 12cross<extra_id_0> <extra_id_0> <extra_id_0> <extra_id_0> it ( a ) )","41,a . index ( 8</s> <pad> <pad> <pad> <pad> <pad> <pad> ( a ) )","41,a . index ( 12cross<extra_id_0> <extra_id_0> <extra_id_0> <extra_id_0> </s> ( a ) )","41,a . index ( 12critos<extra_id_0> 12itit ( a ) )","41,a . index ( 2</s> <pad> <pad> <pad> <pad> <pad> <pad> ( a ) )","41,a . index ( 9</s> <pad> <pad> <pad> <pad> <pad> <pad> ( a ) )","41,a . index ( 12it/os<extra_id_0> 12itit ( a ) )","41,a . index ( 12/60it//60it ( a ) )","41,a . index ( 12/60it///it ( a ) )","41,a . index ( 12crit/<extra_id_0> 12itit ( a ) )","41,a . index ( 12/60it/<extra_id_0> 12it ( a ) )","41,a . index ( 12it/<extra_id_0> 12ititit ( a ) )","41,a . index ( 12crit/itititit ( a ) )","41,a . index ( 12it//<extra_id_0> 12itit ( a ) )","41,a . index ( 12//60it/60it ( a ) )","41,a . index ( 12it/60it/60it ( a ) )","41,a . index ( 12/60it//// ( a ) )"
"42,""</s> <pad> <pad> <pad> <pad> <pad> <pad> <pad> ( list , key = lambda x : float ( 'inf' ) if math . isnan ( x [ 1 ] ) else x [ 1 ] )""","42,""8<extra_id_0> </s> <pad> <pad> <pad> <pad> <pad> ( list , key = lambda x : float ( 'inf' ) if math . isnan ( x [ 1 ] ) else x [ 1 ] )""","42,"""" "" "" "" "" "" "" "" ( list , key = lambda x : float ( 'inf' ) if math . isnan ( x [ 1 ] ) else x [ 1 ] )""","42,"""" "" "" "" "" "" """" ( list , key = lambda x : float ( 'inf' ) if math . isnan ( x [ 1 ] ) else x [ 1 ] )""","42,"""" "" "" "" "" """"</s> ( list , key = lambda x : float ( 'inf' ) if math . isnan ( x [ 1 ] ) else x [ 1 ] )""","42,"""" "" "" "" "" "" """") ( list , key = lambda x : float ( 'inf' ) if math . isnan ( x [ 1 ] ) else x [ 1 ] )""","42,"""" "" "" "" "" "" ""</s> ( list , key = lambda x : float ( 'inf' ) if math . isnan ( x [ 1 ] ) else x [ 1 ] )""","42,""1260itos<extra_id_0> 12itit ( list , key = lambda x : float ( 'inf' ) if math . isnan ( x [ 1 ] ) else x [ 1 ] )""","42,""device====== ( list , key = lambda x : float ( 'inf' ) if math . isnan ( x [ 1 ] ) else x [ 1 ] )""","42,""1260itiesos<extra_id_0> 12it ( list , key = lambda x : float ( 'inf' ) if math . isnan ( x [ 1 ] ) else x [ 1 ] )""","42,""1260itos<extra_id_0> 12roundit ( list , key = lambda x : float ( 'inf' ) if math . isnan ( x [ 1 ] ) else x [ 1 ] )""","42,""1260it_networknetwork ( list , key = lambda x : float ( 'inf' ) if math . isnan ( x [ 1 ] ) else x [ 1 ] )""","42,""device=====<extra_id_2> ( list , key = lambda x : float ( 'inf' ) if math . isnan ( x [ 1 ] ) else x [ 1 ] )""","42,""1260itos<extra_id_0> 12it</s> ( list , key = lambda x : float ( 'inf' ) if math . isnan ( x [ 1 ] ) else x [ 1 ] )""","42,""1260it_eos<extra_id_0> e ( list , key = lambda x : float ( 'inf' ) if math . isnan ( x [ 1 ] ) else x [ 1 ] )""","42,"""" "" "" "" """"</s> <pad> ( list , key = lambda x : float ( 'inf' ) if math . isnan ( x [ 1 ] ) else x [ 1 ] )""","42,""12critos<extra_id_0> 12itit ( list , key = lambda x : float ( 'inf' ) if math . isnan ( x [ 1 ] ) else x [ 1 ] )""","42,""6.0<extra_id_0> <extra_id_0> <extra_id_0> <extra_id_0> <extra_id_0> <extra_id_0> <extra_id_0> ( list , key = lambda x : float ( 'inf' ) if math . isnan ( x [ 1 ] ) else x [ 1 ] )""","42,""1260it_eval =<extra_id_2> ( list , key = lambda x : float ( 'inf' ) if math . isnan ( x [ 1 ] ) else x [ 1 ] )""","42,"""" "" "" "" "" """")</s> ( list , key = lambda x : float ( 'inf' ) if math . isnan ( x [ 1 ] ) else x [ 1 ] )"""
"43,p . ter</s> <pad> <pad> <pad> <pad> <pad> <pad> <pad>ate ( )","43,p . ter12cross<extra_id_0> <extra_id_0> <extra_id_0> <extra_id_0> <extra_id_0>ate ( )","43,p . ter12cross<extra_id_0> <extra_id_0> <extra_id_0> <extra_id_0> itate ( )","43,p . ter12cross<extra_id_0> <extra_id_0> <extra_id_0> <extra_id_0> </s>ate ( )","43,p . ter12/60it//60itate ( )","43,p . ter8</s> <pad> <pad> <pad> <pad> <pad> <pad>ate ( )","43,p . ter8<extra_id_0> </s> <pad> <pad> <pad> <pad> <pad>ate ( )","43,p . ter12/60it/<extra_id_0> 12itate ( )","43,p . ter12/60it///itate ( )","43,p . ter12critos<extra_id_0> 12ititate ( )","43,p . ter12//60it/60itate ( )","43,p . ter12/60itos<extra_id_0> 12itate ( )","43,p . ter2</s> <pad> <pad> <pad> <pad> <pad> <pad>ate ( )","43,p . ter12/60it////ate ( )","43,p . ter12/60it//<extra_id_0> 12ate ( )","43,p . ter12crit/<extra_id_0> 12ititate ( )","43,p . ter9</s> <pad> <pad> <pad> <pad> <pad> <pad>ate ( )","43,p . ter12/60it/60it</s>ate ( )","43,p . ter12/it///60itate ( )","43,p . ter12/60it///agate ( )"
"44,""</s> <pad> <pad> <pad> <pad> <pad> <pad> <pad> ( ld , key = lambda d : d [ 'size' ] )""","44,""12cross<extra_id_0> <extra_id_0> <extra_id_0> <extra_id_0> <extra_id_0> ( ld , key = lambda d : d [ 'size' ] )""","44,""12cross<extra_id_0> <extra_id_0> <extra_id_0> <extra_id_0> </s> ( ld , key = lambda d : d [ 'size' ] )""","44,""12cross<extra_id_0> <extra_id_0> <extra_id_0> <extra_id_0> it ( ld , key = lambda d : d [ 'size' ] )""","44,""12itos<extra_id_0> 12ititit ( ld , key = lambda d : d [ 'size' ] )""","44,"""" "" "" "" "" "" """" ( ld , key = lambda d : d [ 'size' ] )""","44,""8</s> <pad> <pad> <pad> <pad> <pad> <pad> ( ld , key = lambda d : d [ 'size' ] )""","44,""12it/os<extra_id_0> 12itit ( ld , key = lambda d : d [ 'size' ] )""","44,""device====== ( ld , key = lambda d : d [ 'size' ] )""","44,"""" "" "" "" "" "" "" "" ( ld , key = lambda d : d [ 'size' ] )""","44,""12cross<extra_id_0> <extra_id_0> <extra_id_0> it</s> ( ld , key = lambda d : d [ 'size' ] )""","44,""12cross<extra_id_0> <extra_id_0> <extra_id_0> <extra_id_0> ag ( ld , key = lambda d : d [ 'size' ] )""","44,""12itos<extra_id_0> 12rounditit ( ld , key = lambda d : d [ 'size' ] )""","44,""12cross<extra_id_0> <extra_id_0> <extra_id_0> </s> <pad> ( ld , key = lambda d : d [ 'size' ] )""","44,""12itos<extra_id_0> 12itit</s> ( ld , key = lambda d : d [ 'size' ] )""","44,""12ities<extra_id_0> 12ititit ( ld , key = lambda d : d [ 'size' ] )""","44,""12it60itos<extra_id_0> 12it ( ld , key = lambda d : d [ 'size' ] )""","44,"""" "" "" "" "" """"</s> ( ld , key = lambda d : d [ 'size' ] )""","44,""12it//os<extra_id_0> 12it ( ld , key = lambda d : d [ 'size' ] )""","44,""126.0<extra_id_0> <extra_id_0> <extra_id_0> <extra_id_0> <extra_id_0> <extra_id_0> ( ld , key = lambda d : d [ 'size' ] )"""
"45,""</s> <pad> <pad> <pad> <pad> <pad> <pad> <pad> ( enumerate ( a ) , key = lambda x : abs ( x [ 1 ] - 11.5 ) )""","45,""8<extra_id_0> </s> <pad> <pad> <pad> <pad> <pad> ( enumerate ( a ) , key = lambda x : abs ( x [ 1 ] - 11.5 ) )""","45,""12cross<extra_id_0> <extra_id_0> <extra_id_0> <extra_id_0> <extra_id_0> ( enumerate ( a ) , key = lambda x : abs ( x [ 1 ] - 11.5 ) )""","45,""12cross<extra_id_0> <extra_id_0> <extra_id_0> <extra_id_0> it ( enumerate ( a ) , key = lambda x : abs ( x [ 1 ] - 11.5 ) )""","45,""12cross<extra_id_0> <extra_id_0> <extra_id_0> <extra_id_0> </s> ( enumerate ( a ) , key = lambda x : abs ( x [ 1 ] - 11.5 ) )""","45,"""" "" "" "" "" "" """" ( enumerate ( a ) , key = lambda x : abs ( x [ 1 ] - 11.5 ) )""","45,""device====== ( enumerate ( a ) , key = lambda x : abs ( x [ 1 ] - 11.5 ) )""","45,""6.0<extra_id_0> <extra_id_0> <extra_id_0> <extra_id_0> <extra_id_0> <extra_id_0> <extra_id_0> ( enumerate ( a ) , key = lambda x : abs ( x [ 1 ] - 11.5 ) )""","45,""8</s> <pad> <pad> <pad> <pad> <pad> <pad> ( enumerate ( a ) , key = lambda x : abs ( x [ 1 ] - 11.5 ) )""","45,"""" "" "" "" "" "" "" "" ( enumerate ( a ) , key = lambda x : abs ( x [ 1 ] - 11.5 ) )""","45,""12critos<extra_id_0> 12itit ( enumerate ( a ) , key = lambda x : abs ( x [ 1 ] - 11.5 ) )""","45,""device=====<extra_id_2> ( enumerate ( a ) , key = lambda x : abs ( x [ 1 ] - 11.5 ) )""","45,""2</s> <pad> <pad> <pad> <pad> <pad> <pad> ( enumerate ( a ) , key = lambda x : abs ( x [ 1 ] - 11.5 ) )""","45,"""" "" "" "" "" """"</s> ( enumerate ( a ) , key = lambda x : abs ( x [ 1 ] - 11.5 ) )""","45,""12crossos<extra_id_0> <extra_id_0> <extra_id_0> <extra_id_0> ( enumerate ( a ) , key = lambda x : abs ( x [ 1 ] - 11.5 ) )""","45,""6.0<extra_id_0> <extra_id_0> <extra_id_0> <extra_id_0> <extra_id_0> <extra_id_0> </s> ( enumerate ( a ) , key = lambda x : abs ( x [ 1 ] - 11.5 ) )""","45,""12cross<extra_id_0> <extra_id_0> <extra_id_0> <extra_id_0> ag ( enumerate ( a ) , key = lambda x : abs ( x [ 1 ] - 11.5 ) )""","45,""device=====3 ( enumerate ( a ) , key = lambda x : abs ( x [ 1 ] - 11.5 ) )""","45,""device=====5 ( enumerate ( a ) , key = lambda x : abs ( x [ 1 ] - 11.5 ) )""","45,""12critos<extra_id_0> 12roundit ( enumerate ( a ) , key = lambda x : abs ( x [ 1 ] - 11.5 ) )"""
"46,df . loc [ df [ 'Value' ] . idx</s> <pad> <pad> <pad> <pad> <pad> <pad> <pad> ( ) ]","46,df . loc [ df [ 'Value' ] . idx8<extra_id_0> </s> <pad> <pad> <pad> <pad> <pad> ( ) ]","46,df . loc [ df [ 'Value' ] . idx12cross<extra_id_0> <extra_id_0> <extra_id_0> <extra_id_0> <extra_id_0> ( ) ]","46,df . loc [ df [ 'Value' ] . idx"" "" "" "" "" "" """" ( ) ]","46,df . loc [ df [ 'Value' ] . idx"" "" "" "" "" "" "" "" ( ) ]","46,df . loc [ df [ 'Value' ] . idx1260itok 12ititit ( ) ]","46,df . loc [ df [ 'Value' ] . idx12critos<extra_id_0> 12itit ( ) ]","46,df . loc [ df [ 'Value' ] . idx1260itos<extra_id_0> 12itit ( ) ]","46,df . loc [ df [ 'Value' ] . idx12cross<extra_id_0> <extra_id_0> <extra_id_0> <extra_id_0> </s> ( ) ]","46,df . loc [ df [ 'Value' ] . idx12cross<extra_id_0> <extra_id_0> <extra_id_0> <extra_id_0> it ( ) ]","46,df . loc [ df [ 'Value' ] . idx1260itiesos<extra_id_0> 12it ( ) ]","46,df . loc [ df [ 'Value' ] . idx1260itos<extra_id_0> 12roundit ( ) ]","46,df . loc [ df [ 'Value' ] . idx"" "" "" "" "" """"</s> ( ) ]","46,df . loc [ df [ 'Value' ] . idx12crities<extra_id_0> 12itit ( ) ]","46,df . loc [ df [ 'Value' ] . idx1260it_eos<extra_id_0> e ( ) ]","46,df . loc [ df [ 'Value' ] . idx12it/<extra_id_0> 12ititit ( ) ]","46,df . loc [ df [ 'Value' ] . idx12crities<extra_id_0> 12roundit ( ) ]","46,df . loc [ df [ 'Value' ] . idx1260it_networknetwork ( ) ]","46,df . loc [ df [ 'Value' ] . idx1260ititos<extra_id_0> 12it ( ) ]","46,df . loc [ df [ 'Value' ] . idx1260it/itititit ( ) ]"
"47,</s> <pad> <pad> <pad> <pad> <pad> <pad> <pad> ( test_string . rfind ( i ) for i in '([{' )","47,12cross<extra_id_0> <extra_id_0> <extra_id_0> <extra_id_0> <extra_id_0> ( test_string . rfind ( i ) for i in '([{' )","47,8<extra_id_0> </s> <pad> <pad> <pad> <pad> <pad> ( test_string . rfind ( i ) for i in '([{' )","47,12cross<extra_id_0> <extra_id_0> <extra_id_0> <extra_id_0> it ( test_string . rfind ( i ) for i in '([{' )","47,12critos<extra_id_0> 12itit ( test_string . rfind ( i ) for i in '([{' )","47,12cross<extra_id_0> <extra_id_0> <extra_id_0> <extra_id_0> </s> ( test_string . rfind ( i ) for i in '([{' )","47,8</s> <pad> <pad> <pad> <pad> <pad> <pad> ( test_string . rfind ( i ) for i in '([{' )","47,12/60it//60it ( test_string . rfind ( i ) for i in '([{' )","47,12it/os<extra_id_0> 12itit ( test_string . rfind ( i ) for i in '([{' )","47,2</s> <pad> <pad> <pad> <pad> <pad> <pad> ( test_string . rfind ( i ) for i in '([{' )","47,9</s> <pad> <pad> <pad> <pad> <pad> <pad> ( test_string . rfind ( i ) for i in '([{' )","47,12/60it///it ( test_string . rfind ( i ) for i in '([{' )","47,12crit/<extra_id_0> 12itit ( test_string . rfind ( i ) for i in '([{' )","47,12it/<extra_id_0> 12ititit ( test_string . rfind ( i ) for i in '([{' )","47,12/60it/<extra_id_0> 12it ( test_string . rfind ( i ) for i in '([{' )","47,12crititos<extra_id_0> 12it ( test_string . rfind ( i ) for i in '([{' )","47,1260itiesos<extra_id_0> 12it ( test_string . rfind ( i ) for i in '([{' )","47,12//60it/60it ( test_string . rfind ( i ) for i in '([{' )","47,12/it///60it ( test_string . rfind ( i ) for i in '([{' )","47,12/60it//// ( test_string . rfind ( i ) for i in '([{' )"
"48,""print ( </s> <pad> <pad> <pad> <pad> <pad> <pad> <pad> ( x , key = sum ) )""","48,""print ( 12cross<extra_id_0> <extra_id_0> <extra_id_0> <extra_id_0> <extra_id_0> ( x , key = sum ) )""","48,""print ( 12cross<extra_id_0> <extra_id_0> <extra_id_0> <extra_id_0> it ( x , key = sum ) )""","48,""print ( 8<extra_id_0> </s> <pad> <pad> <pad> <pad> <pad> ( x , key = sum ) )""","48,""print ( 12cross<extra_id_0> <extra_id_0> <extra_id_0> <extra_id_0> </s> ( x , key = sum ) )""","48,""print ( 8</s> <pad> <pad> <pad> <pad> <pad> <pad> ( x , key = sum ) )""","48,""print ( 2</s> <pad> <pad> <pad> <pad> <pad> <pad> ( x , key = sum ) )""","48,""print ( 12/60it//60it ( x , key = sum ) )""","48,""print ( 9</s> <pad> <pad> <pad> <pad> <pad> <pad> ( x , key = sum ) )""","48,""print ( 12critos<extra_id_0> 12itit ( x , key = sum ) )""","48,""print ( 12/60it/<extra_id_0> 12it ( x , key = sum ) )""","48,""print ( 12/60it///it ( x , key = sum ) )""","48,""print ( 12//60it/60it ( x , key = sum ) )""","48,""print ( 12/60it//<extra_id_0> 12 ( x , key = sum ) )""","48,""print ( 12it/os<extra_id_0> 12itit ( x , key = sum ) )""","48,""print ( 12cross<extra_id_0> <extra_id_0> <extra_id_0> <extra_id_0> ] ( x , key = sum ) )""","48,""print ( 12/60it//// ( x , key = sum ) )""","48,""print ( 12cross<extra_id_0> <extra_id_0> <extra_id_0> it</s> ( x , key = sum ) )""","48,""print ( 12it/<extra_id_0> 12ititit ( x , key = sum ) )""","48,""print ( 12/60it/60it</s> ( x , key = sum ) )"""
"49,""( t - datetime . timedelta ( hours = 1 , </s> <pad> <pad> <pad> <pad> <pad> <pad> <pad>utes = 10 ) )""","49,""( t - datetime . timedelta ( hours = 1 , 12cross<extra_id_0> <extra_id_0> <extra_id_0> <extra_id_0> <extra_id_0>utes = 10 ) )""","49,""( t - datetime . timedelta ( hours = 1 , "" "" "" "" "" "" """"utes = 10 ) )""","49,""( t - datetime . timedelta ( hours = 1 , "" "" "" "" "" "" "" ""utes = 10 ) )""","49,""( t - datetime . timedelta ( hours = 1 , "" "" "" "" "" """"</s>utes = 10 ) )""","49,""( t - datetime . timedelta ( hours = 1 , "" "" "" "" "" "" """")utes = 10 ) )""","49,""( t - datetime . timedelta ( hours = 1 , "" "" "" "" "" "" ""</s>utes = 10 ) )""","49,""( t - datetime . timedelta ( hours = 1 , 12cross<extra_id_0> <extra_id_0> <extra_id_0> <extra_id_0> </s>utes = 10 ) )""","49,""( t - datetime . timedelta ( hours = 1 , 12cross<extra_id_0> <extra_id_0> <extra_id_0> <extra_id_0> itutes = 10 ) )""","49,""( t - datetime . timedelta ( hours = 1 , "" "" "" "" """"</s> <pad>utes = 10 ) )""","49,""( t - datetime . timedelta ( hours = 1 , "" "" "" "" "" """")</s>utes = 10 ) )""","49,""( t - datetime . timedelta ( hours = 1 , 12critos<extra_id_0> 12ititutes = 10 ) )""","49,""( t - datetime . timedelta ( hours = 1 , 12crities<extra_id_0> 12rounditutes = 10 ) )""","49,""( t - datetime . timedelta ( hours = 1 , "" "" "" "" "" ""</s> <pad>utes = 10 ) )""","49,""( t - datetime . timedelta ( hours = 1 , device======utes = 10 ) )""","49,""( t - datetime . timedelta ( hours = 1 , "" "" "" "" "" "" ""'utes = 10 ) )""","49,""( t - datetime . timedelta ( hours = 1 , 12critities<extra_id_0> 12itutes = 10 ) )""","49,""( t - datetime . timedelta ( hours = 1 , device=====<extra_id_2>utes = 10 ) )""","49,""( t - datetime . timedelta ( hours = 1 , 12crit/os<extra_id_0> 12itutes = 10 ) )""","49,""( t - datetime . timedelta ( hours = 1 , "" "" "" "" "" ""/""utes = 10 ) )"""
